-- phpMyAdmin SQL Dump
-- version 4.8.1
-- https://www.phpmyadmin.net/
--
-- Host: 127.0.0.1
-- Generation Time: Mar 22, 2019 at 11:54 AM
-- Server version: 10.1.33-MariaDB
-- PHP Version: 7.2.6

SET SQL_MODE = "NO_AUTO_VALUE_ON_ZERO";
SET AUTOCOMMIT = 0;
START TRANSACTION;
SET time_zone = "+00:00";


/*!40101 SET @OLD_CHARACTER_SET_CLIENT=@@CHARACTER_SET_CLIENT */;
/*!40101 SET @OLD_CHARACTER_SET_RESULTS=@@CHARACTER_SET_RESULTS */;
/*!40101 SET @OLD_COLLATION_CONNECTION=@@COLLATION_CONNECTION */;
/*!40101 SET NAMES utf8mb4 */;

--
-- Database: `api`
--

-- --------------------------------------------------------

--
-- Table structure for table `migrations`
--

CREATE TABLE `migrations` (
  `id` int(10) UNSIGNED NOT NULL,
  `migration` varchar(191) COLLATE utf8mb4_unicode_ci NOT NULL,
  `batch` int(11) NOT NULL
) ENGINE=InnoDB DEFAULT CHARSET=utf8mb4 COLLATE=utf8mb4_unicode_ci;

--
-- Dumping data for table `migrations`
--

INSERT INTO `migrations` (`id`, `migration`, `batch`) VALUES
(1, '2014_10_12_000000_create_users_table', 1),
(2, '2014_10_12_100000_create_password_resets_table', 1),
(3, '2019_03_21_135402_create_products_table', 1);

-- --------------------------------------------------------

--
-- Table structure for table `password_resets`
--

CREATE TABLE `password_resets` (
  `email` varchar(191) COLLATE utf8mb4_unicode_ci NOT NULL,
  `token` varchar(191) COLLATE utf8mb4_unicode_ci NOT NULL,
  `created_at` timestamp NULL DEFAULT NULL
) ENGINE=InnoDB DEFAULT CHARSET=utf8mb4 COLLATE=utf8mb4_unicode_ci;

-- --------------------------------------------------------

--
-- Table structure for table `products`
--

CREATE TABLE `products` (
  `id` bigint(20) UNSIGNED NOT NULL,
  `name` varchar(191) COLLATE utf8mb4_unicode_ci NOT NULL,
  `details` text COLLATE utf8mb4_unicode_ci NOT NULL,
  `price` int(11) NOT NULL,
  `stock` int(11) NOT NULL,
  `discount` int(11) NOT NULL,
  `created_at` timestamp NULL DEFAULT NULL,
  `updated_at` timestamp NULL DEFAULT NULL
) ENGINE=InnoDB DEFAULT CHARSET=utf8mb4 COLLATE=utf8mb4_unicode_ci;

--
-- Dumping data for table `products`
--

INSERT INTO `products` (`id`, `name`, `details`, `price`, `stock`, `discount`, `created_at`, `updated_at`) VALUES
(1, 'doloribus', 'Inventore provident ut magni quasi officiis. Voluptate debitis provident maxime atque quisquam. Consequuntur excepturi officiis doloribus voluptate occaecati adipisci voluptas.', 550, 3, 20, '2019-03-22 04:29:49', '2019-03-22 04:29:49'),
(2, 'expedita', 'Tempore iste incidunt cumque architecto praesentium quisquam doloremque rerum. Et alias asperiores expedita. Qui aspernatur molestiae omnis laudantium excepturi vel.', 523, 5, 12, '2019-03-22 04:29:50', '2019-03-22 04:29:50'),
(3, 'quam', 'Aut consequatur et recusandae a. Aperiam temporibus ut voluptatem error ullam. Ut rerum dolores et est sint dolores quo. Ea dignissimos nobis possimus ut est tempora ea.', 214, 3, 29, '2019-03-22 04:29:50', '2019-03-22 04:29:50'),
(4, 'non', 'Eum deserunt rerum provident est alias atque. Sint repudiandae architecto fuga eos ipsam. Adipisci ut libero sint laboriosam illum laudantium voluptatibus.', 500, 6, 5, '2019-03-22 04:29:50', '2019-03-22 04:29:50'),
(5, 'id', 'Eum assumenda et odit soluta id iure et. Placeat aut qui aut incidunt harum consequatur. Placeat sit est voluptatibus aut. Rem assumenda dolorem officia modi earum eos esse.', 764, 6, 14, '2019-03-22 04:29:50', '2019-03-22 04:29:50'),
(6, 'fuga', 'Et saepe deserunt magnam sint architecto. Minus dolorem maxime voluptatem repellendus perspiciatis quam. Quaerat dignissimos et cumque dolor non nostrum et. Facere ut est quia placeat id.', 702, 3, 7, '2019-03-22 04:29:50', '2019-03-22 04:29:50'),
(7, 'sunt', 'Saepe dignissimos saepe voluptas voluptatum. Sed praesentium iusto repudiandae corrupti cumque vel. Id nam quisquam quasi ut temporibus qui.', 705, 0, 22, '2019-03-22 04:29:50', '2019-03-22 04:29:50'),
(8, 'molestias', 'Quo ea rerum facilis nam commodi. Rerum dolorem cupiditate commodi harum qui eos. Rerum pariatur eos quia ex et et voluptas. Sed perferendis repellat qui impedit quos.', 247, 4, 22, '2019-03-22 04:29:50', '2019-03-22 04:29:50'),
(9, 'et', 'Accusantium aut voluptas autem sunt ullam enim. Nam ad voluptatem voluptas est. Sit non in consequuntur exercitationem. Velit in quia aspernatur.', 133, 9, 2, '2019-03-22 04:29:50', '2019-03-22 04:29:50'),
(10, 'non', 'Beatae quibusdam et excepturi ex rerum. Et beatae soluta blanditiis quis in sed ipsam. Beatae magnam eaque consectetur accusamus quas et.', 822, 9, 20, '2019-03-22 04:29:50', '2019-03-22 04:29:50'),
(11, 'omnis', 'Eos ipsa sed id optio minus. Odit recusandae tenetur quas sit quis.', 750, 6, 19, '2019-03-22 04:29:50', '2019-03-22 04:29:50'),
(12, 'non', 'Voluptatibus odit aut rerum. Perferendis quia odio et cumque.', 772, 7, 21, '2019-03-22 04:29:50', '2019-03-22 04:29:50'),
(13, 'eveniet', 'Dolorem laborum consequuntur saepe voluptas sint minima. Quae fuga possimus non voluptatem tempore eos.', 749, 7, 12, '2019-03-22 04:29:51', '2019-03-22 04:29:51'),
(14, 'nihil', 'Qui possimus iste voluptatem natus sunt nihil quaerat. Et unde ea aut quasi consequuntur. Facere eos nihil harum numquam nam. Sed ea cumque quia vero magnam inventore laudantium et.', 177, 5, 29, '2019-03-22 04:29:51', '2019-03-22 04:29:51'),
(15, 'quam', 'At voluptas facilis odit dolor quos. Atque saepe velit dolorem est quia. Omnis doloremque libero autem quasi.', 909, 7, 28, '2019-03-22 04:29:51', '2019-03-22 04:29:51'),
(16, 'tempore', 'Quibusdam voluptatem voluptas occaecati dolores consequatur. Nulla numquam sit in repudiandae dolorem dolorum. Quae dolores nemo reiciendis non. Vitae aut cum vel numquam accusantium.', 928, 7, 12, '2019-03-22 04:29:51', '2019-03-22 04:29:51'),
(17, 'nihil', 'Perspiciatis commodi odit a ex aut. Perspiciatis assumenda laudantium ut pariatur necessitatibus vero. Illo minus sit amet ratione voluptate doloremque quod inventore.', 392, 8, 22, '2019-03-22 04:29:51', '2019-03-22 04:29:51'),
(18, 'nihil', 'Ullam exercitationem id veniam quasi vel qui. Omnis ut velit tempore at. Suscipit culpa repudiandae ut expedita vitae voluptate rerum.', 497, 9, 9, '2019-03-22 04:29:51', '2019-03-22 04:29:51'),
(19, 'illum', 'Dicta non magni consequuntur quidem odio quae. Nihil vitae hic distinctio.', 927, 7, 22, '2019-03-22 04:29:51', '2019-03-22 04:29:51'),
(20, 'reiciendis', 'Voluptas blanditiis et nostrum minus eligendi corrupti. Nihil omnis labore tenetur et odit laboriosam. Nihil excepturi accusamus vitae aliquid sed quidem rerum. Doloremque necessitatibus et vero quia.', 939, 9, 2, '2019-03-22 04:29:51', '2019-03-22 04:29:51'),
(21, 'sed', 'Quia temporibus officiis quas dolorum ea. Cumque itaque omnis sit eveniet explicabo nihil qui harum. At fugiat ea delectus. Voluptas rerum quae a nesciunt molestias dolores cumque. Maiores officiis rerum perspiciatis quos quo alias.', 415, 7, 7, '2019-03-22 04:29:51', '2019-03-22 04:29:51'),
(22, 'dolores', 'Quidem cumque officia velit. Molestiae distinctio mollitia pariatur ipsum aperiam. Voluptatibus fuga voluptatem dolores molestiae nesciunt accusantium. Animi perspiciatis ex porro et quia et voluptatem voluptatem.', 540, 2, 18, '2019-03-22 04:29:51', '2019-03-22 04:29:51'),
(23, 'temporibus', 'Nulla voluptas voluptatem mollitia consequatur pariatur cum. Necessitatibus odio harum cum temporibus. Cupiditate quo et culpa dolor eveniet aliquid. Inventore ea et laudantium eum.', 681, 8, 29, '2019-03-22 04:29:51', '2019-03-22 04:29:51'),
(24, 'sed', 'Ducimus at corporis ea praesentium. Fugit consequatur et tempora autem fuga. Quos minus et aliquam. Velit aut velit sed.', 153, 8, 6, '2019-03-22 04:29:51', '2019-03-22 04:29:51'),
(25, 'voluptatem', 'Harum non qui enim a aut ullam officia. Quis quibusdam commodi corporis quibusdam qui repellat. Id omnis aut nulla.', 413, 3, 14, '2019-03-22 04:29:51', '2019-03-22 04:29:51'),
(26, 'fugiat', 'Et similique et quia totam quia autem et. Recusandae voluptas fuga voluptatum. Nostrum occaecati non repellendus suscipit dignissimos. Quis molestiae ut vel et et mollitia laboriosam.', 414, 5, 11, '2019-03-22 04:29:51', '2019-03-22 04:29:51'),
(27, 'consequatur', 'Et ut labore sunt ut officia. Deserunt aliquid nulla aut asperiores. Voluptatem autem omnis quis saepe in deleniti. Voluptatibus aut ducimus et quibusdam eum ut nobis dolores.', 182, 9, 17, '2019-03-22 04:29:51', '2019-03-22 04:29:51'),
(28, 'ut', 'Est maiores earum et similique maxime aut in. Nulla officiis et ratione eos a id commodi. Maxime sequi iste mollitia esse cumque voluptatem eaque. Ut dolores maiores architecto culpa quos sapiente ut tempora.', 420, 0, 30, '2019-03-22 04:29:51', '2019-03-22 04:29:51'),
(29, 'dolorem', 'Sed accusamus quas mollitia deleniti. Neque repudiandae molestias nulla ratione quibusdam et et nostrum. Qui ipsa sed aut minus. Pariatur dolores voluptate culpa veniam eius.', 230, 5, 7, '2019-03-22 04:29:51', '2019-03-22 04:29:51'),
(30, 'quis', 'Possimus qui reiciendis voluptate iusto ut quasi non. Consequatur ipsam dolore sint odio. Dignissimos ex et maiores ducimus dolor quaerat vel. Excepturi incidunt eaque illum eos ipsa officiis et.', 539, 9, 4, '2019-03-22 04:29:51', '2019-03-22 04:29:51'),
(31, 'dolores', 'Quae debitis expedita modi neque. Dolores deleniti repellendus ullam qui iusto.', 507, 9, 16, '2019-03-22 04:29:51', '2019-03-22 04:29:51'),
(32, 'saepe', 'Quia nam minus accusamus quo ea corporis officia. Dolorem quae atque ratione quidem voluptas dolores. Maxime sequi voluptatem deleniti alias occaecati. Cumque consequatur delectus labore blanditiis.', 293, 0, 19, '2019-03-22 04:29:51', '2019-03-22 04:29:51'),
(33, 'ut', 'Blanditiis nesciunt facilis voluptas quo qui quam deleniti. Consectetur aut porro quos nam sequi eveniet. Voluptatibus ut adipisci consequatur quidem dolorum et. Fugiat dolorem est eveniet modi.', 860, 2, 22, '2019-03-22 04:29:51', '2019-03-22 04:29:51'),
(34, 'quia', 'Dolor aliquam autem sit et nesciunt omnis sunt nesciunt. Quia et et pariatur totam nobis iure. Omnis ratione debitis voluptates et totam excepturi quibusdam molestias. Accusantium magnam est perspiciatis.', 791, 4, 26, '2019-03-22 04:29:51', '2019-03-22 04:29:51'),
(35, 'est', 'Possimus omnis quidem impedit voluptatum illum doloremque est. Exercitationem reiciendis sit maxime. Ad aut tenetur molestiae quis voluptas. In quibusdam nisi libero quod tempore voluptas. Et tenetur est aspernatur at molestias autem labore.', 930, 5, 2, '2019-03-22 04:29:51', '2019-03-22 04:29:51'),
(36, 'recusandae', 'Exercitationem ea repellendus corrupti vel eveniet et assumenda quas. Qui cumque accusamus corrupti. Facere dolorem expedita rem.', 519, 3, 30, '2019-03-22 04:29:51', '2019-03-22 04:29:51'),
(37, 'magnam', 'Alias quae ad recusandae libero. Ipsa omnis necessitatibus quibusdam ut. Reprehenderit eius rerum vitae eius id aut. Mollitia incidunt a vel velit eaque consequatur.', 815, 1, 22, '2019-03-22 04:29:51', '2019-03-22 04:29:51'),
(38, 'vel', 'Est et quia in quia recusandae rerum. Eos non molestiae modi ad. Odit beatae voluptatem placeat voluptatem laudantium ex. Deleniti quibusdam ut quidem doloribus.', 382, 3, 24, '2019-03-22 04:29:51', '2019-03-22 04:29:51'),
(39, 'quasi', 'Fugiat quasi odio tenetur quae pariatur laudantium eos. Atque eaque sunt voluptates exercitationem consequatur perferendis tempora adipisci. Laborum dolor accusamus est deserunt qui enim.', 810, 7, 4, '2019-03-22 04:29:52', '2019-03-22 04:29:52'),
(40, 'eos', 'Aut atque sunt sunt temporibus iure quod. Odit libero ea a delectus est dolorem et excepturi. Commodi fugiat ullam atque perferendis culpa eum laudantium. Iste modi veritatis blanditiis modi cum aut.', 437, 9, 4, '2019-03-22 04:29:52', '2019-03-22 04:29:52'),
(41, 'eius', 'Recusandae magnam debitis dicta voluptatibus accusantium cupiditate sed enim. Officia qui maxime iste consequatur magnam. Optio animi dolorem ratione voluptas consequatur qui.', 104, 4, 7, '2019-03-22 04:29:52', '2019-03-22 04:29:52'),
(42, 'possimus', 'Id est quasi qui ut optio est provident. Sapiente minima nam aut unde voluptatibus. Tenetur earum perferendis dolorem officia. Officiis est ut et eaque sit dolor.', 685, 9, 19, '2019-03-22 04:29:52', '2019-03-22 04:29:52'),
(43, 'accusantium', 'Eum aut dolorem et eum nulla. Repellendus dolorem molestiae similique animi est. Aliquam placeat voluptas velit dolores consequatur maxime.', 735, 9, 14, '2019-03-22 04:29:52', '2019-03-22 04:29:52'),
(44, 'vel', 'Ea molestiae labore dolores natus voluptatem nihil. Laudantium numquam sint aut quia esse. Inventore earum saepe omnis natus distinctio dignissimos aut.', 166, 5, 23, '2019-03-22 04:29:52', '2019-03-22 04:29:52'),
(45, 'reprehenderit', 'Dolorem itaque eaque velit et iste in. Velit repellat alias facere voluptates nihil vel. Tenetur et quia repellendus omnis deserunt. Vero commodi aperiam id esse quae veritatis.', 729, 9, 28, '2019-03-22 04:29:52', '2019-03-22 04:29:52'),
(46, 'molestias', 'Debitis eaque dolorum quam earum mollitia dolorem reiciendis. Ex aut dolore blanditiis consequatur delectus. Est nihil earum rerum voluptas nostrum nulla dolorem repellendus.', 278, 4, 16, '2019-03-22 04:29:52', '2019-03-22 04:29:52'),
(47, 'exercitationem', 'Quibusdam excepturi a itaque eum cum sint quae. Omnis quia corporis unde amet. Sed eius impedit et ad rerum.', 742, 2, 17, '2019-03-22 04:29:52', '2019-03-22 04:29:52'),
(48, 'ut', 'Culpa ratione sed accusamus. Sint aliquam minus iusto in molestias deleniti sapiente. Dolorem aliquam rerum asperiores soluta qui labore sit.', 993, 0, 10, '2019-03-22 04:29:52', '2019-03-22 04:29:52'),
(49, 'iste', 'Numquam sunt quas necessitatibus saepe eveniet. Qui autem dolor laudantium a fuga sint. Velit voluptatem vel nostrum ut quia atque doloremque sequi.', 586, 9, 2, '2019-03-22 04:29:52', '2019-03-22 04:29:52'),
(50, 'aspernatur', 'Distinctio delectus ab cum suscipit. Quas reprehenderit nihil quo. Et sequi enim magni et voluptatum aut molestiae. Aspernatur quas quisquam error sit.', 767, 0, 16, '2019-03-22 04:29:52', '2019-03-22 04:29:52');

-- --------------------------------------------------------

--
-- Table structure for table `reviews`
--

CREATE TABLE `reviews` (
  `id` bigint(20) UNSIGNED NOT NULL,
  `product_id` int(10) UNSIGNED NOT NULL,
  `customer` varchar(191) COLLATE utf8mb4_unicode_ci NOT NULL,
  `review` text COLLATE utf8mb4_unicode_ci NOT NULL,
  `star` int(11) NOT NULL,
  `created_at` timestamp NULL DEFAULT NULL,
  `updated_at` timestamp NULL DEFAULT NULL
) ENGINE=InnoDB DEFAULT CHARSET=utf8mb4 COLLATE=utf8mb4_unicode_ci;

--
-- Dumping data for table `reviews`
--

INSERT INTO `reviews` (`id`, `product_id`, `customer`, `review`, `star`, `created_at`, `updated_at`) VALUES
(1, 42, 'Lottie Walter DDS', 'Odio nobis voluptatum dolorem laudantium eos. Quia error officiis doloremque debitis et tempora magnam. Ipsa accusantium recusandae mollitia aut officia.', 5, '2019-03-22 04:29:53', '2019-03-22 04:29:53'),
(2, 30, 'Geovany Emard', 'A qui officia iure. Ad modi et vel a aperiam consequatur et. Blanditiis saepe quos voluptatem eius id. Corporis saepe quis velit et.', 5, '2019-03-22 04:29:53', '2019-03-22 04:29:53'),
(3, 36, 'Winona Gleason', 'Aperiam officia sint et nesciunt cum nemo eveniet. Ut quia expedita at ea. Accusamus vel qui ut et non qui.', 2, '2019-03-22 04:29:53', '2019-03-22 04:29:53'),
(4, 43, 'Norwood McDermott MD', 'Dolores excepturi ut recusandae doloremque. Aut doloribus accusamus molestiae quo porro. Aut vitae natus dolor omnis incidunt. Tenetur ut dolorem quia quis est explicabo maxime.', 3, '2019-03-22 04:29:53', '2019-03-22 04:29:53'),
(5, 45, 'Addison Schimmel', 'Ullam odit amet omnis et qui et earum. Tempore rem assumenda voluptatum qui ratione. Id dolor illo dicta quidem pariatur perspiciatis.', 5, '2019-03-22 04:29:53', '2019-03-22 04:29:53'),
(6, 8, 'Prof. Deon Bradtke', 'Ut ut ea harum esse dolor ullam. Molestias rem qui praesentium aut ratione veritatis a. Odit est fugiat fugit labore excepturi. Consequuntur ut distinctio doloribus doloribus neque omnis cum asperiores.', 1, '2019-03-22 04:29:53', '2019-03-22 04:29:53'),
(7, 17, 'Yolanda Armstrong', 'Accusantium odio iusto dolor velit est quas. Aspernatur est possimus eius soluta eum tempora. Quia itaque consequuntur non vel voluptas et earum.', 4, '2019-03-22 04:29:53', '2019-03-22 04:29:53'),
(8, 24, 'Melyna Denesik', 'Iste rerum qui quae expedita et illum et. Laudantium quidem corrupti modi minus officiis tempore. Placeat in nesciunt ea eos ad repellat ea numquam. Nobis alias et ipsam necessitatibus doloribus sit dolores.', 3, '2019-03-22 04:29:54', '2019-03-22 04:29:54'),
(9, 4, 'Abdullah Schinner', 'Impedit vel blanditiis possimus velit. Quo nam modi magnam sequi ut necessitatibus quos. Autem ea ab officia recusandae. Sed hic rerum aut ea.', 1, '2019-03-22 04:29:54', '2019-03-22 04:29:54'),
(10, 49, 'Sigmund Weber', 'Sunt adipisci modi at dicta veniam omnis. Unde enim explicabo iusto laborum libero quam ea qui. Culpa voluptas est temporibus delectus numquam.', 3, '2019-03-22 04:29:54', '2019-03-22 04:29:54'),
(11, 28, 'Candelario Stracke', 'Architecto rem est labore dolor dolor ut in. Molestias quasi alias odit sapiente id nesciunt eum. Fuga similique et laboriosam corrupti quaerat. Aspernatur iure quasi commodi molestias et consequuntur. Maxime repudiandae et quod nihil incidunt et voluptatem.', 1, '2019-03-22 04:29:54', '2019-03-22 04:29:54'),
(12, 37, 'April Bruen V', 'Repellendus et et sunt aut qui rerum et. Quasi rerum illo voluptatibus aliquid laboriosam. Distinctio nam consequuntur qui ut. Odit beatae quis dolorem adipisci.', 4, '2019-03-22 04:29:54', '2019-03-22 04:29:54'),
(13, 43, 'Eldora Schoen', 'Ad consequuntur excepturi itaque saepe. Dolorem labore dolorem quia in blanditiis. Molestiae cupiditate provident non possimus at non laudantium.', 2, '2019-03-22 04:29:54', '2019-03-22 04:29:54'),
(14, 44, 'Gordon Rowe III', 'Fugit vel ut architecto quos. Praesentium minus aut dolorum dignissimos. Harum et eum laborum suscipit.', 1, '2019-03-22 04:29:54', '2019-03-22 04:29:54'),
(15, 39, 'Jaden Klocko', 'Enim veniam sunt odio et est sapiente qui nisi. Vel ut eius est ex non. Mollitia amet minima dolore. Neque magnam fuga neque recusandae ad. Repudiandae rem perspiciatis voluptatum saepe.', 5, '2019-03-22 04:29:54', '2019-03-22 04:29:54'),
(16, 21, 'Vern Thiel Jr.', 'Consequatur natus architecto aut consectetur vel eos quidem. Ut maxime odit quas recusandae non et excepturi.', 2, '2019-03-22 04:29:54', '2019-03-22 04:29:54'),
(17, 29, 'Braulio Douglas', 'Quaerat labore sint modi. Facilis placeat hic veniam non. Commodi possimus atque et explicabo. Quasi ut dolores porro velit voluptatem modi aspernatur.', 3, '2019-03-22 04:29:54', '2019-03-22 04:29:54'),
(18, 33, 'Mr. Juston Pagac III', 'Est qui vero debitis mollitia sapiente facere qui. Autem atque quod molestias quos qui ab ab. Natus eligendi beatae id repudiandae quo. Quam quisquam harum omnis est et deleniti omnis.', 2, '2019-03-22 04:29:54', '2019-03-22 04:29:54'),
(19, 12, 'Dr. Delores Runolfsson', 'Porro praesentium cumque quas dolorem. Non nisi quod officia. Nihil perferendis itaque iusto iure voluptatibus est et.', 5, '2019-03-22 04:29:54', '2019-03-22 04:29:54'),
(20, 18, 'Moshe Powlowski', 'Et asperiores quasi et fugiat aliquid aut saepe. Laudantium occaecati dolorem deleniti. Dolorem facilis ea exercitationem aut. Culpa a reiciendis aperiam sit doloribus.', 5, '2019-03-22 04:29:54', '2019-03-22 04:29:54'),
(21, 30, 'Velva Wolf', 'Eum ipsa quas harum sequi. Odit est assumenda incidunt ex libero at. Enim adipisci velit totam omnis.', 0, '2019-03-22 04:29:54', '2019-03-22 04:29:54'),
(22, 34, 'Gust Purdy', 'Nihil dicta ut quam aperiam beatae quaerat ut. Nobis rerum dignissimos vel. Debitis enim quia ea facere dignissimos.', 3, '2019-03-22 04:29:54', '2019-03-22 04:29:54'),
(23, 9, 'Oswaldo Aufderhar DVM', 'Quia saepe et rerum optio commodi maiores. Hic veniam voluptas ducimus omnis ut nostrum sed. Aut non est aut alias.', 2, '2019-03-22 04:29:54', '2019-03-22 04:29:54'),
(24, 33, 'Nya Runte', 'Cumque pariatur aut quidem pariatur totam saepe ducimus. Omnis voluptatem voluptatem quisquam accusamus a debitis quisquam. Consequuntur animi suscipit deserunt nam.', 3, '2019-03-22 04:29:54', '2019-03-22 04:29:54'),
(25, 33, 'Mrs. Maegan Stokes PhD', 'Delectus quas sunt et excepturi ut ea. Debitis quis accusantium eum dolor quia rem omnis. Ut sunt et nisi corporis dolor ut.', 2, '2019-03-22 04:29:54', '2019-03-22 04:29:54'),
(26, 3, 'Prof. Zula Rath', 'Ad nostrum quis officiis minima temporibus. Est rerum qui eligendi. Reprehenderit dolorum porro modi dignissimos. Voluptatum ab ratione rerum.', 0, '2019-03-22 04:29:54', '2019-03-22 04:29:54'),
(27, 3, 'Dr. Dustin Bartoletti MD', 'Molestiae voluptates illo laboriosam aliquam accusantium. Eveniet soluta aut consequatur illo rem. Laboriosam repellat ipsam totam alias. Ullam dolorem hic temporibus ut itaque ullam nam sit.', 5, '2019-03-22 04:29:54', '2019-03-22 04:29:54'),
(28, 9, 'Dr. Geovany Schamberger V', 'Et nam vitae laboriosam asperiores est hic. Nam dolores eligendi commodi commodi in ut suscipit et. Aspernatur sint ut ut. Occaecati delectus est ea aut fugiat reiciendis temporibus. Ut sunt totam sint ut dolorum.', 0, '2019-03-22 04:29:54', '2019-03-22 04:29:54'),
(29, 35, 'Irwin Abernathy', 'Cum aliquid sunt et nihil et ut sit. Molestias in officiis voluptatibus quia est inventore. Autem asperiores nulla eos et. Eum quia repellat natus provident aut.', 5, '2019-03-22 04:29:54', '2019-03-22 04:29:54'),
(30, 40, 'Simeon Schiller', 'Molestiae consequatur dignissimos sit quos aut. Vitae aperiam ut rerum quae recusandae dolor consequatur reprehenderit. Inventore corporis animi commodi quibusdam aut.', 2, '2019-03-22 04:29:54', '2019-03-22 04:29:54'),
(31, 32, 'Mrs. Rachelle Bergnaum DDS', 'Fugiat fuga accusamus tenetur numquam sed illo. Harum perferendis a facere nisi cum. Voluptas ut temporibus ut aut at eos.', 2, '2019-03-22 04:29:54', '2019-03-22 04:29:54'),
(32, 4, 'Prof. Durward Waters', 'Dolor rerum doloremque sit mollitia earum natus nesciunt et. Non deleniti itaque accusamus consequatur sed. Sit tempore dolore autem perspiciatis commodi omnis. Consectetur blanditiis minus modi unde.', 0, '2019-03-22 04:29:54', '2019-03-22 04:29:54'),
(33, 21, 'Leta Huels', 'A commodi voluptatem quisquam dolores. Officia tenetur cumque qui eos non nam. Provident molestias excepturi recusandae aut cum incidunt aut.', 2, '2019-03-22 04:29:54', '2019-03-22 04:29:54'),
(34, 22, 'Prof. Philip Kozey', 'Culpa tempora et tenetur odio quia est. Natus nesciunt ut vel iure in excepturi cum aspernatur. Nihil voluptas et nihil laudantium. Officia labore dolore voluptatem quia ab.', 1, '2019-03-22 04:29:54', '2019-03-22 04:29:54'),
(35, 21, 'Antonette Muller', 'Magnam fugiat eaque earum ut veniam. Harum quas mollitia natus.', 4, '2019-03-22 04:29:54', '2019-03-22 04:29:54'),
(36, 17, 'Marisol Ziemann III', 'Laborum quasi cum doloremque unde quisquam. Ratione quia eum et qui quibusdam et.', 3, '2019-03-22 04:29:55', '2019-03-22 04:29:55'),
(37, 33, 'Kayley Goldner', 'Porro consequatur tempore sequi. Sit voluptatem sunt est est aut. Quia doloribus labore sit enim.', 5, '2019-03-22 04:29:55', '2019-03-22 04:29:55'),
(38, 12, 'Adriana Kling', 'Voluptate dignissimos dolores ad eos ipsa culpa provident ab. Qui consequuntur aliquid distinctio nisi. Fugiat voluptatum quibusdam inventore repellendus voluptas nemo et.', 2, '2019-03-22 04:29:55', '2019-03-22 04:29:55'),
(39, 21, 'Tia Batz', 'Tempore repellat maiores quasi commodi et sit ut. Corrupti nostrum aperiam facilis facere quos eum alias. Repellat aliquam in ratione aut. Repudiandae vero et sint ducimus quisquam mollitia.', 2, '2019-03-22 04:29:55', '2019-03-22 04:29:55'),
(40, 45, 'Prof. Talon Schinner', 'Aspernatur dolor dolor repellendus consequuntur necessitatibus libero. Omnis adipisci sed et iste. Facilis tempora debitis perferendis non recusandae laboriosam ut expedita.', 5, '2019-03-22 04:29:55', '2019-03-22 04:29:55'),
(41, 13, 'Mr. Cory Walter', 'Consequuntur reiciendis est minima omnis est rerum consequatur. Accusantium maiores nesciunt et velit. Quia et voluptas illo.', 3, '2019-03-22 04:29:55', '2019-03-22 04:29:55'),
(42, 11, 'Prof. Anna Dickinson', 'Dolorem dolorem doloremque quam deserunt sapiente. Sint autem tenetur error natus. Natus laudantium iste nulla laborum consequatur autem. Incidunt recusandae ipsa qui dicta.', 2, '2019-03-22 04:29:55', '2019-03-22 04:29:55'),
(43, 20, 'Antwon Pouros', 'Voluptatem ad aut excepturi eaque et qui. Tempore perferendis magnam soluta atque. In voluptates voluptatem qui quis voluptatem voluptas sed.', 4, '2019-03-22 04:29:55', '2019-03-22 04:29:55'),
(44, 32, 'Levi Murazik', 'Ut itaque et ea similique nostrum. Odio id minus minima repellendus fugiat minus est similique. Rem assumenda ab dolore occaecati.', 2, '2019-03-22 04:29:55', '2019-03-22 04:29:55'),
(45, 6, 'Dr. Joyce O\'Reilly III', 'Aliquid et in repellat accusantium omnis temporibus libero. Voluptatem numquam qui modi quae reprehenderit. Sapiente ullam ut omnis.', 3, '2019-03-22 04:29:55', '2019-03-22 04:29:55'),
(46, 18, 'Orland Goodwin', 'Omnis et corrupti omnis id libero. Eveniet vero eos pariatur recusandae. Repellendus eveniet reprehenderit voluptatem quo.', 0, '2019-03-22 04:29:55', '2019-03-22 04:29:55'),
(47, 17, 'Mrs. Irma Mertz V', 'Eaque quae alias quos. Quia dolor dolor vel alias. Saepe qui qui sed dolores eum.', 2, '2019-03-22 04:29:55', '2019-03-22 04:29:55'),
(48, 36, 'Amos Crooks', 'Et repellendus ex enim unde. Dolor consequatur vitae ut voluptatem omnis. Nesciunt placeat facere fugiat similique in iste voluptatibus exercitationem.', 1, '2019-03-22 04:29:55', '2019-03-22 04:29:55'),
(49, 11, 'Rick Abernathy', 'Ex autem accusantium ipsum repellendus modi enim. Ab tenetur hic temporibus porro in vero provident. Quae dolorum non quae voluptas tempora sapiente impedit.', 2, '2019-03-22 04:29:55', '2019-03-22 04:29:55'),
(50, 33, 'Cristina Harvey', 'Atque suscipit quasi occaecati voluptatem laboriosam ut magnam quam. Quae et quia quia cum blanditiis. Iure error quisquam mollitia qui ut.', 4, '2019-03-22 04:29:55', '2019-03-22 04:29:55'),
(51, 44, 'Ivory Harber', 'Iste in occaecati sapiente voluptates ad repellat rem. Quisquam aut eligendi ut ad molestias ut incidunt. Sint qui saepe sequi. Perspiciatis mollitia occaecati quae magnam tempore. Odit quo excepturi nihil eius.', 0, '2019-03-22 04:29:55', '2019-03-22 04:29:55'),
(52, 33, 'Mr. Orland Halvorson', 'Pariatur ea tempore et et neque. Minus commodi vel enim eos aut. Labore doloribus voluptas vitae itaque velit.', 4, '2019-03-22 04:29:55', '2019-03-22 04:29:55'),
(53, 10, 'Darryl Hoeger', 'Recusandae reiciendis deleniti pariatur fugit delectus doloremque sequi. Non molestiae corrupti sunt ipsum voluptatem sed ut et. Vel quod ducimus quis quasi delectus soluta asperiores. Excepturi modi provident et atque sunt commodi.', 0, '2019-03-22 04:29:55', '2019-03-22 04:29:55'),
(54, 34, 'Prof. Lia Powlowski', 'Saepe omnis possimus fugit hic esse. Amet et omnis iste dolores. Molestiae quia aspernatur repellendus iure atque atque eveniet.', 2, '2019-03-22 04:29:55', '2019-03-22 04:29:55'),
(55, 2, 'Ms. Aliyah Greenfelder I', 'Architecto quidem nisi labore inventore consequatur dolore porro. Sunt vel non eaque ea dolorem. Amet excepturi eveniet exercitationem recusandae. Voluptate ea autem fugit. Qui fugit laboriosam dolore consequuntur ut.', 2, '2019-03-22 04:29:55', '2019-03-22 04:29:55'),
(56, 28, 'Nigel Nader', 'Dolor soluta et atque repellendus minus nobis. In est perferendis occaecati consectetur repellendus ut. Natus qui ut nemo et ut ut. Omnis aperiam delectus animi excepturi.', 5, '2019-03-22 04:29:55', '2019-03-22 04:29:55'),
(57, 25, 'Rene Schumm', 'Architecto nihil et sit consequuntur eaque veniam. Cupiditate vero et repellat dolor voluptatem fugiat odio. Eveniet at natus totam ut reiciendis.', 3, '2019-03-22 04:29:55', '2019-03-22 04:29:55'),
(58, 39, 'Mario Runolfsson', 'Nam quod est sed sit. Nisi delectus distinctio dolores quos. Non et aperiam dolores ab aut.', 0, '2019-03-22 04:29:55', '2019-03-22 04:29:55'),
(59, 44, 'Melisa Corwin', 'Voluptas odio voluptatem impedit voluptatum vel et reprehenderit eius. Voluptas perspiciatis nulla doloremque consequatur voluptatem velit deserunt. Eligendi sed provident perferendis. Nihil minima aut minus provident.', 1, '2019-03-22 04:29:55', '2019-03-22 04:29:55'),
(60, 16, 'Germaine Krajcik', 'Temporibus libero id quia in minus enim. Pariatur corrupti sint cupiditate atque sed. Quam velit laborum numquam accusamus. Consectetur provident voluptatem doloremque quia.', 2, '2019-03-22 04:29:55', '2019-03-22 04:29:55'),
(61, 13, 'Mr. Federico Lubowitz V', 'Optio eos eligendi corporis reprehenderit vel. Eveniet sed accusantium assumenda explicabo omnis quibusdam. Nemo nemo voluptatem tempore illum ex.', 0, '2019-03-22 04:29:55', '2019-03-22 04:29:55'),
(62, 16, 'Ed Koch', 'Iusto voluptatem laudantium eum maxime. Blanditiis sed sequi tenetur sunt nihil reiciendis qui. Enim atque quos esse.', 5, '2019-03-22 04:29:55', '2019-03-22 04:29:55'),
(63, 44, 'Albertha Mosciski', 'Suscipit nisi aut dolores eveniet in repudiandae culpa. Cumque illum tempora voluptatem libero dolor mollitia. Numquam vitae sunt vel et provident illo sequi.', 4, '2019-03-22 04:29:56', '2019-03-22 04:29:56'),
(64, 14, 'Sister Paucek Sr.', 'Est dolores suscipit rem ut eum aut sunt. Deleniti voluptas dolores asperiores sed eveniet ut eaque. Autem nihil aliquid reprehenderit doloribus neque.', 1, '2019-03-22 04:29:56', '2019-03-22 04:29:56'),
(65, 49, 'Anthony Franecki', 'Quia saepe ducimus distinctio praesentium. Quia nobis aut velit excepturi quam. Sit libero aut illo soluta eius soluta ut. Veritatis explicabo eligendi eveniet ad.', 1, '2019-03-22 04:29:56', '2019-03-22 04:29:56'),
(66, 11, 'Abdullah Ortiz', 'Dolor vel qui incidunt velit animi consequuntur ut voluptatum. Iste corporis ut asperiores eum ullam dolorem illo. Inventore non aperiam culpa reprehenderit nobis.', 5, '2019-03-22 04:29:56', '2019-03-22 04:29:56'),
(67, 35, 'Samir Hammes', 'Sunt aut alias non voluptas dolor magnam eaque. Illum accusantium natus voluptatum error sed molestias assumenda. Aut id ut debitis quos voluptatibus. Ab tenetur ea non id.', 0, '2019-03-22 04:29:56', '2019-03-22 04:29:56'),
(68, 47, 'Alyson Ankunding', 'Soluta beatae doloremque autem deleniti et ipsa nemo distinctio. Harum amet alias sed possimus eos. Sed quo nemo ducimus quidem soluta excepturi.', 1, '2019-03-22 04:29:56', '2019-03-22 04:29:56'),
(69, 23, 'Mattie Hilpert I', 'Sed delectus reiciendis et quas non quo. Ut natus asperiores qui adipisci.', 2, '2019-03-22 04:29:56', '2019-03-22 04:29:56'),
(70, 33, 'Estell Fritsch II', 'Aspernatur mollitia impedit voluptatem enim incidunt architecto expedita. Atque et sint consequatur consequatur. Voluptas ipsum recusandae tempora distinctio culpa iure maiores sit.', 0, '2019-03-22 04:29:56', '2019-03-22 04:29:56'),
(71, 43, 'Dr. Marques Quitzon IV', 'Minima tenetur quo ratione eius distinctio nemo corrupti illo. Quidem et dolore ut et. Maiores fugiat ut occaecati praesentium repudiandae quia. Et nam iste illo magni in enim.', 3, '2019-03-22 04:29:56', '2019-03-22 04:29:56'),
(72, 34, 'Kari Daniel', 'Atque aut dolor quia ea rerum sed perspiciatis ipsam. Autem perspiciatis officiis tempora perspiciatis sapiente. Sed dicta eos atque explicabo.', 5, '2019-03-22 04:29:56', '2019-03-22 04:29:56'),
(73, 23, 'Kirk Murazik DVM', 'Amet voluptate placeat non et. Beatae cupiditate harum ut iste. Est accusamus est placeat dolore.', 0, '2019-03-22 04:29:56', '2019-03-22 04:29:56'),
(74, 41, 'Jeanette Mosciski', 'Tempore qui molestias accusantium itaque minus eos assumenda. Et veritatis ipsum ut eum modi voluptas. Repellendus minus iste dolor a libero.', 3, '2019-03-22 04:29:56', '2019-03-22 04:29:56'),
(75, 20, 'Mr. Ferne Block DVM', 'Doloremque est earum soluta omnis consequuntur. Iusto sit cum qui perferendis. Dolorem maxime et quis rerum. Repellat magnam culpa aspernatur consequuntur non assumenda. Nihil aut natus rerum sapiente corrupti temporibus esse.', 1, '2019-03-22 04:29:56', '2019-03-22 04:29:56'),
(76, 34, 'Prof. Connie Koepp PhD', 'Eveniet iste provident iusto ut. Optio quasi sequi voluptatibus. Sed sit et et rem ullam animi. Repellendus itaque illum nam asperiores quo aut.', 4, '2019-03-22 04:29:56', '2019-03-22 04:29:56'),
(77, 23, 'Alessandro Gulgowski IV', 'Quo ratione deleniti consequatur expedita. Ipsam sequi ea porro dolorem fugit possimus. Ratione tempora molestiae sed harum illum.', 4, '2019-03-22 04:29:56', '2019-03-22 04:29:56'),
(78, 1, 'Dr. Dexter Bayer', 'Eos earum qui voluptatum. Est quibusdam nihil deleniti doloremque. In in qui nihil ut quia dolorum. Odio ipsum consequuntur aut qui aut. Sunt beatae dolorem quo ea molestias ab corporis quia.', 5, '2019-03-22 04:29:56', '2019-03-22 04:29:56'),
(79, 42, 'Ellie D\'Amore', 'Ut omnis expedita quos recusandae. Vel dignissimos velit occaecati ratione fugit. Dicta soluta quas et id ut.', 3, '2019-03-22 04:29:56', '2019-03-22 04:29:56'),
(80, 37, 'Irma Bogan', 'Debitis qui eligendi eum vel vel odit. Culpa voluptas voluptatum voluptatem amet perspiciatis. Ex porro unde autem. Laboriosam doloribus eum assumenda cum impedit nesciunt voluptates.', 0, '2019-03-22 04:29:56', '2019-03-22 04:29:56'),
(81, 35, 'Gail Johns', 'Quos eos repellendus debitis id velit magnam. Enim qui sint dolore quis consequuntur. Vitae sapiente sed sunt quidem vel autem porro illum. Eum eum accusantium aut et velit.', 5, '2019-03-22 04:29:56', '2019-03-22 04:29:56'),
(82, 12, 'Nolan Pacocha', 'Molestiae et reiciendis culpa et quis rerum occaecati. Sint neque ut earum ratione dolore.', 2, '2019-03-22 04:29:56', '2019-03-22 04:29:56'),
(83, 20, 'Miss Marlen Hand Sr.', 'Vel quia at ut nam repellendus architecto nemo. Autem voluptatibus dolorum adipisci distinctio quia porro. Labore necessitatibus omnis sequi natus laudantium quo laboriosam.', 3, '2019-03-22 04:29:56', '2019-03-22 04:29:56'),
(84, 31, 'Rosalee Champlin', 'Dolores blanditiis animi cupiditate veniam voluptatem porro illo. Quisquam vero quos odio ducimus. Sequi enim nobis explicabo corporis exercitationem accusantium ipsam. Cumque asperiores molestiae ipsum commodi est quo quibusdam.', 1, '2019-03-22 04:29:56', '2019-03-22 04:29:56'),
(85, 42, 'Josie Lakin', 'Qui vitae veritatis distinctio enim. Aperiam temporibus alias est natus accusantium at atque qui. Enim optio praesentium consequuntur minima ratione qui voluptatem.', 5, '2019-03-22 04:29:56', '2019-03-22 04:29:56'),
(86, 37, 'Abelardo Hagenes', 'Veritatis rerum atque consequatur et. Earum non excepturi culpa molestias. Iusto odio quidem est consequatur qui autem in temporibus. Ut nam qui quis enim perspiciatis culpa.', 0, '2019-03-22 04:29:56', '2019-03-22 04:29:56'),
(87, 38, 'Nicklaus Beer', 'Qui vel ducimus occaecati alias. Maxime ducimus voluptatum blanditiis porro sapiente. Quo cumque quis dolore earum et ut. Exercitationem et in saepe aut dolorem aperiam voluptatem. Tempore id similique blanditiis blanditiis sapiente.', 5, '2019-03-22 04:29:56', '2019-03-22 04:29:56'),
(88, 10, 'Ole Kreiger', 'At hic dicta omnis ab a laudantium. Ut est officia aut sed animi facere. Et eum in nostrum sint et. Deserunt iste vitae dignissimos veniam omnis eos. Totam nesciunt consequatur id qui.', 1, '2019-03-22 04:29:56', '2019-03-22 04:29:56'),
(89, 38, 'Prof. Alyce Gaylord', 'Perspiciatis vel perspiciatis dolores blanditiis. Aut ea sed rerum eaque maxime modi. Quam ipsam omnis recusandae non ullam rem.', 2, '2019-03-22 04:29:56', '2019-03-22 04:29:56'),
(90, 43, 'Angelina Satterfield', 'Officiis laboriosam necessitatibus modi dolores. Nulla dicta animi ipsum voluptates et est perferendis. Vel voluptatibus explicabo ut.', 1, '2019-03-22 04:29:56', '2019-03-22 04:29:56'),
(91, 22, 'Blanca Block II', 'Laborum odio qui sit vel veniam. Aperiam optio omnis culpa velit doloribus quis placeat. Atque eligendi rerum quas reiciendis consequatur.', 2, '2019-03-22 04:29:57', '2019-03-22 04:29:57'),
(92, 21, 'Armand Nader', 'Libero deleniti et molestias voluptates ratione quae. Qui ut consequatur consequatur non suscipit. Ratione voluptatem qui est.', 0, '2019-03-22 04:29:57', '2019-03-22 04:29:57'),
(93, 5, 'Dr. Jon Schamberger', 'Dolore quos pariatur ea reprehenderit. Dicta nihil magnam qui dolore. Quis soluta doloribus omnis quia. Quisquam corrupti atque qui neque vitae eveniet.', 0, '2019-03-22 04:29:57', '2019-03-22 04:29:57'),
(94, 47, 'Ora Rempel', 'Autem distinctio explicabo quo qui explicabo sit autem excepturi. Quidem nemo est beatae dicta asperiores rerum quas. Facilis nihil omnis doloribus omnis atque itaque cumque.', 3, '2019-03-22 04:29:57', '2019-03-22 04:29:57'),
(95, 24, 'Carolanne Quigley', 'Consequatur quisquam nemo nulla cupiditate. Et quo repellendus vitae iure veniam nesciunt rerum. Vel delectus voluptatem impedit voluptas voluptas aut odio.', 3, '2019-03-22 04:29:57', '2019-03-22 04:29:57'),
(96, 4, 'Prof. Elwyn Zemlak', 'Provident temporibus harum enim sapiente dignissimos sint. Quis necessitatibus fuga incidunt molestiae qui. Suscipit voluptas vitae aliquam sunt quos ea dolore consequatur. Ut dolores cumque error omnis voluptatem perspiciatis. Odit corporis quod quod non quis vel non error.', 0, '2019-03-22 04:29:57', '2019-03-22 04:29:57'),
(97, 5, 'Johann Satterfield', 'Quae expedita ratione sed soluta porro asperiores. Eius et est eum odit voluptatibus. Voluptate qui ducimus voluptatum quisquam expedita sed. Ut ut saepe quae assumenda.', 2, '2019-03-22 04:29:57', '2019-03-22 04:29:57'),
(98, 46, 'Clementine Waelchi', 'Officia incidunt et dolores qui corporis autem minima. Suscipit quis aut et vel aut quo reiciendis. Ut hic corrupti facilis sint. Illo necessitatibus rerum quia minima dolor.', 3, '2019-03-22 04:29:57', '2019-03-22 04:29:57'),
(99, 13, 'Baylee Harris', 'Quas quia harum aut voluptas. Quia aperiam voluptatibus ratione quam. Architecto veniam vel minima modi perferendis. Laboriosam quod ut praesentium.', 3, '2019-03-22 04:29:57', '2019-03-22 04:29:57'),
(100, 22, 'Prof. Rosalyn Johns Jr.', 'Officia laudantium maiores voluptatem aut nemo ex odit modi. Suscipit ut omnis nesciunt reprehenderit recusandae qui dolorum. Debitis aut quam accusantium omnis quam commodi ipsum.', 5, '2019-03-22 04:29:57', '2019-03-22 04:29:57'),
(101, 38, 'Josephine Abshire', 'Saepe ducimus omnis labore. Tempora nostrum nihil tempora voluptas qui qui. At autem mollitia fuga ut quia optio.', 4, '2019-03-22 04:29:57', '2019-03-22 04:29:57'),
(102, 20, 'Bridgette Hessel I', 'Dolores eos neque et dolores. Perferendis et optio et minima maxime. Ut doloremque ut enim placeat maiores dolor. In eum quia deserunt.', 0, '2019-03-22 04:29:57', '2019-03-22 04:29:57'),
(103, 4, 'Luz Gusikowski', 'Et voluptas nisi repellendus eum quia ipsa. Sint ullam corrupti ut minima. Voluptatem blanditiis voluptatem aut qui.', 0, '2019-03-22 04:29:57', '2019-03-22 04:29:57'),
(104, 6, 'Alexys Reichel', 'Quia nesciunt consequatur voluptatem commodi ratione omnis. Reiciendis odio quia vel provident et quia. In hic sunt aut blanditiis ratione iste repellat totam. Non vel tenetur necessitatibus vel. Amet et quisquam saepe officiis ut possimus fuga.', 2, '2019-03-22 04:29:57', '2019-03-22 04:29:57'),
(105, 9, 'Prof. Vern Blick DDS', 'Culpa illum eos molestiae aut omnis qui tenetur. Facere velit aut ipsum autem ipsum. Aliquam dolores unde consectetur commodi qui. Aspernatur ipsum nostrum qui sunt.', 4, '2019-03-22 04:29:57', '2019-03-22 04:29:57'),
(106, 35, 'Ms. Nadia Rowe III', 'Ut quo sint minus vero quia. Hic est explicabo est accusamus. Illum aut cum iste qui sunt.', 4, '2019-03-22 04:29:57', '2019-03-22 04:29:57'),
(107, 32, 'Odie Streich', 'Labore deserunt et non minus. Aut aut impedit dolore autem non ratione. Modi cumque eligendi natus expedita dignissimos. Voluptatem animi eius et officiis et minima cupiditate.', 2, '2019-03-22 04:29:57', '2019-03-22 04:29:57'),
(108, 5, 'Ronny Schuppe', 'Atque et molestias adipisci dolores veniam dolore aut. Optio rerum sint sint atque. Dicta et qui provident quia iusto a voluptatem voluptas. Enim veritatis amet nam nulla sapiente.', 5, '2019-03-22 04:29:57', '2019-03-22 04:29:57'),
(109, 4, 'Kyleigh Lehner', 'Vitae nihil inventore mollitia aspernatur voluptatibus quia. Odio corporis in animi vitae beatae.', 1, '2019-03-22 04:29:57', '2019-03-22 04:29:57'),
(110, 24, 'Joany Ratke III', 'Similique nostrum repellendus provident nihil. Aut rerum nesciunt ut ut. Provident expedita eaque autem quisquam error.', 1, '2019-03-22 04:29:57', '2019-03-22 04:29:57'),
(111, 8, 'Orland Kerluke', 'Dolores facere aut quas incidunt ipsum asperiores. Cum sint ab neque commodi. Voluptatem est rerum officiis nulla ad quasi. Expedita accusantium nobis natus accusantium nulla quibusdam temporibus. Modi corrupti voluptate aut accusantium.', 5, '2019-03-22 04:29:57', '2019-03-22 04:29:57'),
(112, 40, 'Dr. Hermina O\'Hara', 'Magnam asperiores eveniet consectetur saepe rerum. Facere quia et eligendi qui et. Ea vel sapiente nihil dolorem pariatur temporibus modi. Qui non animi et et.', 4, '2019-03-22 04:29:57', '2019-03-22 04:29:57'),
(113, 43, 'Mateo Kiehn', 'Vitae ut alias voluptas ducimus dolorem. Iste repellendus molestias adipisci. Blanditiis ullam dolore illum incidunt molestias cum eos.', 2, '2019-03-22 04:29:57', '2019-03-22 04:29:57'),
(114, 17, 'Leila Runte', 'Deleniti sit non qui laboriosam rerum velit aspernatur. Praesentium repellat qui est quia. Provident rerum atque nemo.', 3, '2019-03-22 04:29:57', '2019-03-22 04:29:57'),
(115, 47, 'Cloyd Farrell', 'Aliquam praesentium unde maiores facilis. Dolores id aut ut non est est nobis. Est molestias voluptatem sed sunt nemo.', 0, '2019-03-22 04:29:57', '2019-03-22 04:29:57'),
(116, 2, 'Robert Aufderhar', 'Quasi et distinctio sapiente ea ut officiis nam. Quia animi repellendus nam et maiores et illum sit. Qui consequatur nihil enim mollitia quidem quidem. Molestiae dolores aut dignissimos iste est.', 0, '2019-03-22 04:29:57', '2019-03-22 04:29:57'),
(117, 4, 'Eldon Graham', 'Quas in voluptatem aut tempora. Ullam eligendi quo soluta dolor. Fugit rerum distinctio alias voluptas ut.', 4, '2019-03-22 04:29:57', '2019-03-22 04:29:57'),
(118, 20, 'Scot O\'Conner', 'Facilis excepturi nulla dolores alias id sunt. Reiciendis animi odit voluptatem velit repudiandae. Optio in quia libero cupiditate tenetur quo sint cupiditate.', 1, '2019-03-22 04:29:58', '2019-03-22 04:29:58'),
(119, 1, 'Nellie O\'Conner', 'Est fuga aut aut fuga cum. Repudiandae ex eum reprehenderit soluta eius. Animi voluptates nobis asperiores voluptatibus enim. Quis ab et voluptatem amet. Odit neque dolorem modi debitis.', 3, '2019-03-22 04:29:58', '2019-03-22 04:29:58'),
(120, 40, 'Valentine Mohr', 'Dolores consequatur aut ab quae et ipsum. Illo qui deleniti consequatur eos sint. Quia placeat voluptas repellat.', 1, '2019-03-22 04:29:58', '2019-03-22 04:29:58'),
(121, 36, 'Dr. Lavina Rau', 'Reprehenderit earum voluptas vitae sequi saepe est. Quia reiciendis blanditiis excepturi labore quos dicta eos. Nemo eveniet eligendi odit eum quibusdam quos aliquam.', 3, '2019-03-22 04:29:58', '2019-03-22 04:29:58'),
(122, 19, 'Lenny Treutel', 'Ducimus hic et id dicta nemo est ratione. Ducimus nesciunt voluptas provident molestiae et. Corrupti eos debitis voluptatem voluptas.', 0, '2019-03-22 04:29:58', '2019-03-22 04:29:58'),
(123, 21, 'Candida Friesen IV', 'Dolorem ipsum eaque quisquam itaque. Ipsa sint qui laborum nihil. Non modi minus voluptatem et aspernatur odio mollitia.', 4, '2019-03-22 04:29:58', '2019-03-22 04:29:58'),
(124, 29, 'Niko O\'Keefe', 'Corrupti alias velit et rerum delectus qui. Voluptas voluptate repellendus sit nisi impedit exercitationem voluptates. Tempore et fuga est. Dicta officia eum accusantium sed non qui qui minus.', 1, '2019-03-22 04:29:58', '2019-03-22 04:29:58'),
(125, 45, 'Creola Abbott', 'Error quis illum necessitatibus voluptas. Blanditiis reiciendis soluta placeat placeat itaque culpa.', 0, '2019-03-22 04:29:58', '2019-03-22 04:29:58'),
(126, 15, 'Calista Waelchi V', 'Totam error id sit eos ut voluptas. Deleniti commodi officiis sed. Architecto distinctio voluptates voluptates libero. Perferendis perspiciatis corporis praesentium omnis nam architecto.', 4, '2019-03-22 04:29:58', '2019-03-22 04:29:58'),
(127, 1, 'Mr. Kellen Raynor MD', 'Praesentium architecto sed explicabo sit corporis autem consequatur. Aspernatur non tempore ex nemo. Voluptate sunt occaecati voluptas ea incidunt fuga.', 3, '2019-03-22 04:29:58', '2019-03-22 04:29:58'),
(128, 46, 'Alvis Lehner V', 'Consectetur architecto repellat deserunt. Qui vel commodi ut dolorem. Iste libero quibusdam qui quia in est numquam.', 5, '2019-03-22 04:29:58', '2019-03-22 04:29:58'),
(129, 18, 'Wilber Gerhold MD', 'Quibusdam asperiores repellendus assumenda magni mollitia ea aspernatur. Dolor magnam quos praesentium a pariatur recusandae. Et aut hic excepturi fugit incidunt quia. Repellat et vero voluptatum perferendis quo a neque non.', 1, '2019-03-22 04:29:58', '2019-03-22 04:29:58'),
(130, 10, 'Herman Pfannerstill', 'Dolorem harum voluptates nam vero nostrum ut vel. Quisquam quam esse consequatur suscipit unde. Aut sed tempora tempora. Consequatur atque reprehenderit mollitia quia ea.', 0, '2019-03-22 04:29:58', '2019-03-22 04:29:58'),
(131, 44, 'Hazle Ruecker', 'Nobis in ut magnam sed sapiente error. Numquam nostrum molestias quas eaque. Incidunt nesciunt et sed quisquam.', 3, '2019-03-22 04:29:58', '2019-03-22 04:29:58'),
(132, 25, 'Claud Armstrong', 'Accusantium earum distinctio asperiores debitis. Impedit hic incidunt rem dolore aut.', 5, '2019-03-22 04:29:58', '2019-03-22 04:29:58'),
(133, 44, 'Niko Heathcote', 'Tempora beatae ut autem eveniet sequi. Qui ratione quidem commodi aut. Voluptate quibusdam qui recusandae adipisci fugiat. Dolores enim non doloremque necessitatibus sit nesciunt assumenda nostrum.', 4, '2019-03-22 04:29:58', '2019-03-22 04:29:58'),
(134, 38, 'April Murazik', 'Corporis cum a delectus recusandae et expedita. Ut reprehenderit deserunt eum qui sed quae. Aut sint sapiente non possimus sapiente dolore. Reprehenderit aut id similique. Ut quia sed omnis assumenda.', 3, '2019-03-22 04:29:58', '2019-03-22 04:29:58'),
(135, 41, 'Jordane Kemmer', 'Similique quis aut in distinctio. Inventore aliquid rem corrupti voluptas. Aut esse expedita ut voluptas libero. Sit delectus neque soluta eligendi.', 4, '2019-03-22 04:29:58', '2019-03-22 04:29:58'),
(136, 21, 'Prof. Javon Stroman', 'Temporibus quibusdam voluptatem error. Velit velit quia repellendus dolores. Possimus aut blanditiis qui est.', 1, '2019-03-22 04:29:58', '2019-03-22 04:29:58'),
(137, 10, 'Prof. Laney Rogahn DVM', 'Quaerat nam est ea nihil quibusdam. Amet vel fugiat repellendus sit. Atque dolores consequuntur corporis magnam qui. Nam beatae doloremque illo veritatis nostrum.', 4, '2019-03-22 04:29:58', '2019-03-22 04:29:58'),
(138, 33, 'Willard Ferry', 'Minus velit et eligendi est non fugiat iusto non. Omnis rerum doloribus quia maxime ab dolores. Earum est eligendi laudantium rem. Voluptas molestiae sapiente cupiditate et recusandae.', 4, '2019-03-22 04:29:58', '2019-03-22 04:29:58'),
(139, 21, 'Jazmyne Hodkiewicz', 'Vel ea accusamus nostrum qui quia enim voluptas. Accusamus quod aliquid ab non quisquam ipsa est. Minus iste occaecati facere non sed modi non. Beatae dolores harum totam ut nihil ut consequatur.', 2, '2019-03-22 04:29:58', '2019-03-22 04:29:58'),
(140, 23, 'Theodora Ryan', 'Natus aut et voluptatibus culpa. Libero harum pariatur voluptatem. Mollitia ad et ducimus temporibus esse voluptatum. Cupiditate vel labore aut.', 5, '2019-03-22 04:29:58', '2019-03-22 04:29:58'),
(141, 50, 'Bernardo Ruecker', 'Molestiae inventore vero architecto sunt aspernatur eius. Aspernatur quia id qui impedit nesciunt ratione omnis. Aperiam et doloremque quisquam debitis.', 1, '2019-03-22 04:29:58', '2019-03-22 04:29:58'),
(142, 21, 'Delfina Price', 'Voluptas qui blanditiis voluptates. Doloribus vitae corrupti aut odit debitis et illo expedita. Praesentium nobis itaque mollitia quis. Ipsa dignissimos et minus eius consequuntur magni.', 4, '2019-03-22 04:29:59', '2019-03-22 04:29:59'),
(143, 4, 'Caesar Senger', 'Enim temporibus excepturi reprehenderit rem laudantium. Eos esse dignissimos unde.', 1, '2019-03-22 04:29:59', '2019-03-22 04:29:59'),
(144, 43, 'Dr. Friedrich Howe', 'Sint optio in sint aut. Incidunt velit deserunt non debitis facere. Nostrum consequatur eveniet ab est sit repellendus enim. Eos fugiat voluptatibus placeat aut. Et saepe at qui ut.', 1, '2019-03-22 04:29:59', '2019-03-22 04:29:59'),
(145, 27, 'Courtney Rolfson', 'Ducimus et voluptatem dolor cumque. Debitis similique laboriosam vel voluptates quo non. Sint ipsum eligendi nobis ut eveniet.', 2, '2019-03-22 04:29:59', '2019-03-22 04:29:59'),
(146, 11, 'Jordan Bernier Sr.', 'Non est iure impedit saepe eos. Illo sit molestiae consequatur perspiciatis. Dolorum nobis facere est atque aliquid et quibusdam voluptatum.', 1, '2019-03-22 04:29:59', '2019-03-22 04:29:59'),
(147, 21, 'Dr. Jillian Renner', 'Quasi sed numquam blanditiis consequuntur dolorem occaecati et. Sed distinctio eligendi et sunt laborum atque. Rerum aperiam in voluptatem maxime sed.', 3, '2019-03-22 04:29:59', '2019-03-22 04:29:59'),
(148, 23, 'Alison Langworth', 'Aut praesentium est ratione non quisquam qui earum consequuntur. Laborum ipsa dolorem voluptatem. Facere aliquam facilis sint voluptatem. Veritatis vel odio nobis quasi sint. Consectetur autem ducimus et.', 2, '2019-03-22 04:29:59', '2019-03-22 04:29:59'),
(149, 2, 'Rachael Rippin', 'Deleniti veritatis fugiat est tempore qui tempora ut. Sunt veniam assumenda et qui sed reiciendis.', 4, '2019-03-22 04:29:59', '2019-03-22 04:29:59'),
(150, 2, 'Dr. Tomas Rodriguez PhD', 'Alias quo ut ex minus voluptatem vitae fuga et. Suscipit et culpa praesentium ut quia et.', 5, '2019-03-22 04:29:59', '2019-03-22 04:29:59'),
(151, 38, 'Dr. Delfina Rosenbaum PhD', 'Nihil et hic consectetur voluptatem consequatur libero maiores. Qui in non qui consectetur. Ullam fuga reiciendis voluptatem et ratione dignissimos. Eum voluptatem laboriosam qui non. Ex possimus soluta dolorem.', 5, '2019-03-22 04:29:59', '2019-03-22 04:29:59'),
(152, 16, 'Patsy Lind', 'Et perspiciatis hic temporibus id voluptate. Voluptas iusto voluptatem enim omnis. Iusto recusandae laudantium quibusdam distinctio inventore dolor consequatur.', 2, '2019-03-22 04:29:59', '2019-03-22 04:29:59'),
(153, 9, 'Wyatt Sawayn', 'Eos voluptatum praesentium molestias eos. Illo nisi vel odio repellat laborum neque dolores. In ullam sed ipsum provident dolore quia. Molestias odit est qui voluptatum.', 5, '2019-03-22 04:29:59', '2019-03-22 04:29:59'),
(154, 37, 'Karlie Aufderhar DDS', 'Omnis sunt nesciunt beatae. Reprehenderit vero et totam neque ut. Aliquid consequatur nulla vitae id iusto vel.', 3, '2019-03-22 04:29:59', '2019-03-22 04:29:59'),
(155, 34, 'Dr. Jackeline Bartoletti MD', 'Eveniet vitae fugit eum et. Voluptatem unde dolore optio iste et eos. Veniam non vel labore ut corrupti. Architecto perferendis qui autem nam sunt quaerat magnam.', 1, '2019-03-22 04:29:59', '2019-03-22 04:29:59'),
(156, 1, 'Dasia Stokes', 'Quia commodi maiores hic. Atque rerum minima quidem sequi sunt. Autem dignissimos est architecto nobis facere earum.', 1, '2019-03-22 04:29:59', '2019-03-22 04:29:59'),
(157, 28, 'Kenneth Ullrich', 'Ab consequuntur alias est incidunt qui ducimus. Vel dolor accusamus ullam ut fugit vero. Repudiandae a consequatur incidunt et ut et.', 4, '2019-03-22 04:29:59', '2019-03-22 04:29:59'),
(158, 46, 'Elva Mraz', 'Dolores ex id neque harum earum rem sapiente dolor. Laboriosam et aut dolor. Ullam et voluptatum fugit.', 0, '2019-03-22 04:29:59', '2019-03-22 04:29:59'),
(159, 47, 'Wayne Kovacek', 'Qui quia magnam ut fugiat velit autem. Laborum ut et aperiam beatae inventore accusantium molestias. Iure et dolorum consequatur aut eos.', 1, '2019-03-22 04:29:59', '2019-03-22 04:29:59'),
(160, 46, 'Reta Dickinson', 'Hic quia nulla numquam non non veritatis. Consequatur eos nostrum vero suscipit necessitatibus. Quidem eaque sit eveniet est architecto. Necessitatibus unde ea earum possimus error ut quaerat corrupti.', 3, '2019-03-22 04:29:59', '2019-03-22 04:29:59'),
(161, 17, 'General Lowe', 'Eligendi qui et eos natus. Ab porro pariatur sed temporibus. Qui sapiente quia ut omnis vel aut. Perspiciatis qui deserunt quod id non blanditiis voluptas enim.', 3, '2019-03-22 04:29:59', '2019-03-22 04:29:59'),
(162, 4, 'Nigel Schuster', 'Rerum maiores ducimus qui eius dignissimos pariatur est. Sit est dolor cum. Atque asperiores repellat nemo est exercitationem earum quia. Et quod velit porro minus quos vel.', 1, '2019-03-22 04:29:59', '2019-03-22 04:29:59'),
(163, 38, 'Jakayla Goldner', 'Labore eos explicabo est sit ducimus tempore sed consequatur. Est velit aut dolore repellendus amet. Sint consectetur aut doloremque in iste molestiae.', 5, '2019-03-22 04:29:59', '2019-03-22 04:29:59'),
(164, 39, 'Cedrick Bogan', 'Doloribus explicabo iste aperiam laborum amet repellat. Iste dolores voluptates vitae vero. Quia autem quibusdam temporibus perferendis exercitationem est.', 1, '2019-03-22 04:29:59', '2019-03-22 04:29:59'),
(165, 11, 'Elmira Lueilwitz II', 'Sunt harum earum quis sed. Porro harum sit perspiciatis occaecati. Fugiat nihil voluptatibus molestias at aut consequatur. Id architecto iure quis soluta molestias in.', 2, '2019-03-22 04:29:59', '2019-03-22 04:29:59'),
(166, 2, 'Sibyl Spinka DVM', 'In accusantium tenetur voluptates enim voluptas. Voluptatem ipsum totam sed pariatur est. Repudiandae est ea et est amet similique.', 2, '2019-03-22 04:29:59', '2019-03-22 04:29:59'),
(167, 10, 'Dr. Agustina Haley IV', 'Officia sed sed ab dolorem debitis. Aut dolores nemo et quia odio. Illum in est dolore omnis est.', 0, '2019-03-22 04:29:59', '2019-03-22 04:29:59'),
(168, 13, 'Victoria Runolfsson', 'Qui velit rerum natus dolorem sit dolores illo. Dicta accusamus ducimus autem numquam rerum. Debitis fugit consequatur facilis aliquam quas quam. Enim dolor iusto ut tenetur facere omnis ea.', 5, '2019-03-22 04:30:00', '2019-03-22 04:30:00'),
(169, 22, 'Alex Wuckert Sr.', 'Qui qui repellat nobis asperiores vel iure nostrum. Quo ea dolor aut suscipit ut delectus. In porro dolor quasi atque aut qui saepe soluta. Asperiores dicta voluptate vel ducimus ut. Quia quia eius amet sit illum et.', 3, '2019-03-22 04:30:00', '2019-03-22 04:30:00'),
(170, 18, 'Yesenia Pouros', 'Beatae illo quas asperiores rerum in aperiam quos. Eum molestiae accusantium sunt doloremque suscipit repellendus. Dolorem quos ex quis inventore autem inventore sunt.', 5, '2019-03-22 04:30:00', '2019-03-22 04:30:00'),
(171, 22, 'Zakary Lockman', 'Repellendus porro ab repellendus alias delectus voluptas. Quos qui modi amet placeat harum dolores odio.', 0, '2019-03-22 04:30:00', '2019-03-22 04:30:00'),
(172, 46, 'Miss Reyna Reichel', 'Ipsam quis autem maxime sed neque qui. Quae incidunt omnis possimus. Eum aut aspernatur ad molestiae voluptatem.', 3, '2019-03-22 04:30:00', '2019-03-22 04:30:00'),
(173, 46, 'Lindsey O\'Hara', 'Quisquam placeat quaerat sit aut numquam omnis id. Odio laborum earum numquam. Unde quo fugiat illum architecto quod. Nihil dignissimos numquam id.', 5, '2019-03-22 04:30:00', '2019-03-22 04:30:00'),
(174, 49, 'Calista Beier', 'Quas unde fuga temporibus. Adipisci sed saepe aperiam modi dolor accusamus. Sit molestiae in officiis et.', 0, '2019-03-22 04:30:00', '2019-03-22 04:30:00'),
(175, 20, 'Myrtle Block PhD', 'Facilis consequatur dolores excepturi earum aut velit quis. Repellendus in quia hic beatae aliquam.', 0, '2019-03-22 04:30:00', '2019-03-22 04:30:00'),
(176, 7, 'Theresa Fahey', 'Qui sequi quis id adipisci atque. Voluptatem ipsum consequatur culpa aut eos. Veritatis aut magni voluptates sunt modi consequatur quo. Optio soluta sed molestias accusamus asperiores nobis perspiciatis.', 0, '2019-03-22 04:30:00', '2019-03-22 04:30:00'),
(177, 44, 'Lulu Johnston', 'Omnis esse cum minus qui et et a. Quo optio aut et recusandae. Pariatur aut sunt hic corrupti a. At sunt recusandae sint.', 2, '2019-03-22 04:30:00', '2019-03-22 04:30:00'),
(178, 46, 'Mr. Kirk Kohler III', 'Distinctio assumenda ducimus necessitatibus sunt. Maxime sint animi facilis nihil ea ea beatae. Rem totam pariatur ut praesentium incidunt. Sed rerum ullam eum odio numquam exercitationem.', 5, '2019-03-22 04:30:00', '2019-03-22 04:30:00'),
(179, 32, 'Felicity Roob', 'Ut corporis enim magnam libero voluptatem repellendus quibusdam quaerat. Libero fuga ut nobis voluptatem nisi. Ratione incidunt nam ut dolorem assumenda animi consequuntur.', 3, '2019-03-22 04:30:00', '2019-03-22 04:30:00'),
(180, 33, 'Mr. Jackson Grimes', 'Fuga quaerat et occaecati sunt voluptatem porro. Voluptas aut incidunt dolores hic voluptatem tempora odit. Sed et animi harum eveniet id totam dolore. Aut nihil perspiciatis quod deleniti dignissimos.', 2, '2019-03-22 04:30:00', '2019-03-22 04:30:00'),
(181, 20, 'Dr. Kacey Schultz', 'Magni eius et culpa voluptates qui. Nam optio est aut. Modi consectetur ducimus libero alias blanditiis ipsum assumenda voluptatum. Eos voluptatibus vel doloribus sapiente voluptates numquam.', 1, '2019-03-22 04:30:00', '2019-03-22 04:30:00'),
(182, 29, 'Mafalda Walker', 'Soluta qui rerum autem rerum distinctio quia tempora velit. Explicabo accusamus aliquid quia quas eos consequatur eos tempore. Amet rem ullam et. Debitis qui aut quasi.', 5, '2019-03-22 04:30:00', '2019-03-22 04:30:00'),
(183, 15, 'Muhammad D\'Amore', 'Molestiae autem quo perferendis inventore sequi qui provident. Ad nihil ut quisquam consequatur numquam id et occaecati. Vero deserunt ipsum magnam at quibusdam. Pariatur totam ipsum repudiandae.', 0, '2019-03-22 04:30:00', '2019-03-22 04:30:00'),
(184, 17, 'Darian Maggio', 'Repellat quia quis voluptatibus perspiciatis aut id. Necessitatibus et dolores enim hic dignissimos omnis. Ex veritatis eveniet fugit. Quis sunt minus quaerat accusamus ea est.', 2, '2019-03-22 04:30:00', '2019-03-22 04:30:00'),
(185, 1, 'Mikel Shanahan', 'Veniam ut in a nam enim iusto nisi quidem. Voluptas quo facilis quod sunt. Nemo sit libero error quia non. Possimus est eos dolorum non voluptate mollitia et.', 4, '2019-03-22 04:30:00', '2019-03-22 04:30:00'),
(186, 10, 'Prof. Warren Cronin DDS', 'Qui distinctio voluptatem repellendus aut aut. Voluptatem voluptas voluptas rerum itaque. Accusamus hic ipsam sed quia. Iusto corporis sed facilis laborum est ut.', 3, '2019-03-22 04:30:00', '2019-03-22 04:30:00'),
(187, 25, 'Lauretta Windler', 'Aut iure sunt odio qui adipisci. Rem qui et et quo enim unde hic.', 1, '2019-03-22 04:30:00', '2019-03-22 04:30:00'),
(188, 38, 'Hans Schamberger', 'Cupiditate omnis a numquam fugiat. Omnis consequuntur itaque culpa necessitatibus. Nihil doloremque ab nam temporibus quidem earum.', 4, '2019-03-22 04:30:00', '2019-03-22 04:30:00'),
(189, 50, 'Eden Turner', 'Est repudiandae aspernatur rerum voluptas possimus unde. Odit accusamus similique laudantium iusto dolorem. Sint similique accusantium sed quibusdam eos.', 5, '2019-03-22 04:30:00', '2019-03-22 04:30:00'),
(190, 16, 'Bruce Haley', 'Quaerat tempora sed officia aut impedit ullam nesciunt. Enim quasi ipsam consequatur optio. Et consequuntur enim odio aperiam sit inventore. Aperiam ut harum praesentium voluptatem laborum. Ea qui accusantium eum aut libero.', 1, '2019-03-22 04:30:00', '2019-03-22 04:30:00'),
(191, 22, 'Melvina Beahan', 'Ea atque impedit iste qui dignissimos. Ipsam illum tenetur dicta et. Fuga eum unde sint. Reiciendis doloremque tempora recusandae facilis non. Est qui reprehenderit fugiat voluptates expedita non velit.', 4, '2019-03-22 04:30:00', '2019-03-22 04:30:00'),
(192, 20, 'Jovan Shields', 'Sit ut sit architecto. Ut magni temporibus quasi dolore rerum accusamus sed ut. Quia consequatur et eum rerum.', 2, '2019-03-22 04:30:00', '2019-03-22 04:30:00'),
(193, 17, 'Zack Heidenreich', 'Harum vero facilis repellendus earum. Ut qui illo in. Nostrum sapiente dicta qui rem et voluptatibus inventore. Repellendus quo aperiam aut quibusdam et fugiat sit.', 4, '2019-03-22 04:30:00', '2019-03-22 04:30:00'),
(194, 18, 'Era Langworth', 'Occaecati culpa dolores quia in. Et aut exercitationem enim id in. Quia dolores impedit blanditiis pariatur sit. Tenetur sunt neque et.', 0, '2019-03-22 04:30:01', '2019-03-22 04:30:01'),
(195, 17, 'Tiffany Cole Jr.', 'Reiciendis in sint et quo similique eius. Dolor aut fugiat autem fugiat fugit ipsam sit. Asperiores molestiae dolor et est. Eum neque sunt accusamus rerum mollitia.', 3, '2019-03-22 04:30:01', '2019-03-22 04:30:01'),
(196, 27, 'Cora Casper', 'Aut saepe distinctio reprehenderit ea commodi ea repellat. Praesentium eius eum aut minima eum sed culpa. Omnis minus mollitia et a nulla.', 4, '2019-03-22 04:30:01', '2019-03-22 04:30:01'),
(197, 34, 'Miss Daisha Hackett I', 'Qui neque est ut est aut velit. Velit consequatur eveniet quidem corporis doloremque. Est ullam et non deserunt quo nihil.', 4, '2019-03-22 04:30:01', '2019-03-22 04:30:01'),
(198, 36, 'Wayne Hoeger DDS', 'Libero quos placeat voluptatem. Nam est omnis iure necessitatibus dolores tempore. Vitae aliquam suscipit est voluptatem eos.', 3, '2019-03-22 04:30:01', '2019-03-22 04:30:01'),
(199, 44, 'Jayde Mueller', 'Corrupti iste debitis voluptates quod nemo. Esse sit illo ullam aut omnis et. Est asperiores eligendi et voluptas harum nostrum fugit. Omnis quo nesciunt quidem architecto aut vel impedit.', 3, '2019-03-22 04:30:01', '2019-03-22 04:30:01'),
(200, 44, 'Ana Armstrong', 'Sunt qui quis rerum voluptatem qui dicta sit. Iure incidunt qui ut maiores sequi rerum.', 5, '2019-03-22 04:30:01', '2019-03-22 04:30:01'),
(201, 12, 'Dimitri Kunze', 'Temporibus iure iure praesentium consequuntur. Iusto est voluptatem omnis sed unde in quasi. Necessitatibus non est temporibus consequatur.', 0, '2019-03-22 04:30:01', '2019-03-22 04:30:01'),
(202, 33, 'Oliver Weissnat', 'Nostrum omnis ea labore dolores ea illo mollitia libero. Officia dignissimos voluptatem necessitatibus tempore cum omnis non.', 4, '2019-03-22 04:30:01', '2019-03-22 04:30:01'),
(203, 37, 'Eli Batz', 'Vel sit deserunt possimus unde asperiores asperiores. Qui fugit est enim optio. Vel vel magni eligendi sequi quidem.', 2, '2019-03-22 04:30:01', '2019-03-22 04:30:01'),
(204, 20, 'Presley Kling Sr.', 'Illo expedita sed numquam voluptatem sed. Aliquid nesciunt sed fugiat ut modi. Eligendi mollitia commodi quae nihil est. Est tempore repellat recusandae ea iure minus.', 5, '2019-03-22 04:30:01', '2019-03-22 04:30:01'),
(205, 34, 'Prof. Rita Torphy DVM', 'Maxime quia asperiores vitae eius atque quis animi. Libero in optio occaecati molestias qui. Id qui qui consectetur quia voluptas sed asperiores.', 3, '2019-03-22 04:30:01', '2019-03-22 04:30:01'),
(206, 4, 'Ms. Kaia Streich', 'Sint placeat hic accusamus. Incidunt occaecati dicta suscipit nesciunt earum.', 0, '2019-03-22 04:30:01', '2019-03-22 04:30:01'),
(207, 11, 'Erin Schulist', 'Quae veritatis ut libero in rerum est iste. Sed minus nihil autem rerum fugiat. Itaque modi quam quam harum provident laudantium enim.', 3, '2019-03-22 04:30:01', '2019-03-22 04:30:01'),
(208, 1, 'Ewell Erdman', 'Est hic consequatur illo natus alias nobis. Quas beatae explicabo voluptatibus voluptatibus. In distinctio commodi consectetur laudantium at nihil. Ut consectetur atque omnis.', 0, '2019-03-22 04:30:01', '2019-03-22 04:30:01'),
(209, 14, 'Taurean Lemke', 'Ut fugit ut quisquam nam veniam. Assumenda ab voluptatibus aliquam sunt consequatur qui nostrum. Dolorum enim eos nihil.', 0, '2019-03-22 04:30:01', '2019-03-22 04:30:01'),
(210, 13, 'Rex Nikolaus', 'Nam est saepe molestias sit odio. Qui dolorem necessitatibus quas sit qui. Minima debitis velit dolores veniam culpa repellat optio. Aut maxime voluptatem provident qui.', 4, '2019-03-22 04:30:01', '2019-03-22 04:30:01'),
(211, 23, 'Florence Shields', 'Perspiciatis distinctio dolor sit ut autem. Fugiat sapiente aut delectus dignissimos. Repellat exercitationem debitis architecto tempore porro suscipit. Minus consequuntur placeat architecto ullam ad aliquid neque.', 4, '2019-03-22 04:30:01', '2019-03-22 04:30:01'),
(212, 25, 'Dr. Candelario Osinski Sr.', 'Sint temporibus sunt et veritatis aperiam et ut doloremque. Magni sequi ratione nisi enim omnis eum nobis. Exercitationem itaque dolorem quia consequatur modi.', 4, '2019-03-22 04:30:01', '2019-03-22 04:30:01'),
(213, 6, 'Prof. Colt Greenholt Jr.', 'Nisi sit corrupti blanditiis debitis voluptatum. Ea aliquam veritatis eveniet perspiciatis non saepe. Rem occaecati excepturi voluptatem adipisci aliquam fuga quis.', 4, '2019-03-22 04:30:01', '2019-03-22 04:30:01');
INSERT INTO `reviews` (`id`, `product_id`, `customer`, `review`, `star`, `created_at`, `updated_at`) VALUES
(214, 13, 'Marley O\'Keefe', 'Cum ad neque explicabo et velit molestiae consequuntur. Eos dolor minima quia et officiis et. Aut qui quo minima. Alias doloremque at non vel magnam.', 3, '2019-03-22 04:30:01', '2019-03-22 04:30:01'),
(215, 23, 'Angel McClure', 'Vel veniam voluptatum dolores consequuntur ut quo repellat. Nesciunt velit ut ipsa autem. Et voluptatem mollitia a non ratione quae.', 5, '2019-03-22 04:30:01', '2019-03-22 04:30:01'),
(216, 11, 'Barbara Dibbert', 'Necessitatibus illum quam eum enim minima. Excepturi facilis aut sint suscipit. Aut rerum ex et. Similique culpa sunt soluta expedita incidunt necessitatibus.', 1, '2019-03-22 04:30:01', '2019-03-22 04:30:01'),
(217, 20, 'Genesis Braun', 'Ea ipsam praesentium accusantium incidunt. Repudiandae sunt quae iste itaque. Ea quidem hic minus quas debitis consectetur. Hic magnam sed tenetur explicabo labore quia aut. Aut aut sed amet sequi aut officiis.', 0, '2019-03-22 04:30:01', '2019-03-22 04:30:01'),
(218, 1, 'Dr. Else Wiegand', 'Harum dolorem sit voluptas molestias. Laudantium deleniti harum unde iste qui vel et officiis. Officia id et minima libero eum ipsam. Ipsa sunt nam incidunt non ipsa.', 4, '2019-03-22 04:30:01', '2019-03-22 04:30:01'),
(219, 16, 'Ms. Dorris Cremin', 'Aut a esse eligendi at. Autem voluptatem voluptas vitae quo et ipsum. Ipsum natus quo sed odit error qui. Unde sequi earum sunt molestias ab nobis.', 5, '2019-03-22 04:30:01', '2019-03-22 04:30:01'),
(220, 38, 'Mr. Guillermo Goldner', 'Sed sed expedita minus dolorem sed quae. Reprehenderit officia praesentium et autem. Ut nam iure eaque in hic magni voluptatum. Unde perspiciatis quia nisi sit aut qui voluptas a.', 0, '2019-03-22 04:30:01', '2019-03-22 04:30:01'),
(221, 15, 'Rick Adams', 'Adipisci exercitationem qui omnis. Sit deleniti libero quibusdam dicta et non. Sint et nihil vel est. Modi qui ut labore ducimus vero molestiae exercitationem.', 5, '2019-03-22 04:30:02', '2019-03-22 04:30:02'),
(222, 30, 'Ada Mertz', 'Ea eum cum aliquid consequuntur qui non hic. Qui repellendus molestias tenetur vel earum cumque harum.', 3, '2019-03-22 04:30:02', '2019-03-22 04:30:02'),
(223, 12, 'Cedrick Jacobi', 'Quaerat hic corrupti iure ratione. Nihil modi quia qui voluptatum. Atque illum voluptate eaque ullam distinctio quos earum ad. Cumque modi inventore ut animi ea. Harum rerum blanditiis quaerat.', 4, '2019-03-22 04:30:02', '2019-03-22 04:30:02'),
(224, 37, 'Abbie Purdy', 'Totam distinctio animi sed sit exercitationem. Dolor dolores repellendus consequuntur. Voluptate quod eveniet aspernatur natus accusantium facilis natus non.', 5, '2019-03-22 04:30:02', '2019-03-22 04:30:02'),
(225, 47, 'Jamey Botsford', 'Asperiores neque sit tenetur et dolores maiores. Adipisci est possimus quis quae quae enim. Aut facere ducimus tenetur expedita voluptas fugiat aut. Animi magni beatae aliquam iste qui reiciendis.', 5, '2019-03-22 04:30:02', '2019-03-22 04:30:02'),
(226, 1, 'Kris Barton', 'Reprehenderit totam aut et atque. Id vel aut facere fuga. Autem omnis soluta dignissimos suscipit delectus iusto aut.', 0, '2019-03-22 04:30:02', '2019-03-22 04:30:02'),
(227, 29, 'Clara Wilkinson DDS', 'Consequatur adipisci reiciendis autem provident optio sequi. Ut autem repudiandae accusantium sapiente omnis amet asperiores. Est consequuntur aliquid et. Nam voluptas dolor quo id aut.', 1, '2019-03-22 04:30:02', '2019-03-22 04:30:02'),
(228, 9, 'Mr. Newell O\'Hara PhD', 'Ullam facilis fuga itaque voluptatum aut. Quidem sint est repudiandae cum asperiores non consequuntur. Et non occaecati ut aut tenetur reprehenderit. Itaque est placeat dolorum earum officiis voluptatem.', 0, '2019-03-22 04:30:02', '2019-03-22 04:30:02'),
(229, 39, 'Dr. Imogene Upton DDS', 'Sed sapiente eveniet dolorum neque. Ad eum molestias dolorem repellendus ab perspiciatis culpa. Quisquam voluptas accusantium minima est quae qui sit.', 4, '2019-03-22 04:30:02', '2019-03-22 04:30:02'),
(230, 2, 'Dane Pagac I', 'Et corrupti et incidunt est at. Vero voluptas nam aut. Excepturi et in nulla sed. Quo aut qui voluptatum est.', 3, '2019-03-22 04:30:02', '2019-03-22 04:30:02'),
(231, 33, 'Amiya Eichmann', 'Sunt deserunt sint voluptatem recusandae laboriosam tempore. Qui qui voluptatum non est. Quo ut perferendis aut quam dolores. Inventore veniam quo sint ut officia vel nemo sit. Qui maxime omnis dolorem vitae eligendi esse.', 5, '2019-03-22 04:30:02', '2019-03-22 04:30:02'),
(232, 22, 'Miss Madaline Wisozk Sr.', 'Nesciunt cumque aut tempore fuga eos corporis explicabo voluptatum. Voluptatibus est odit exercitationem eum. Consequatur recusandae ratione hic adipisci.', 0, '2019-03-22 04:30:02', '2019-03-22 04:30:02'),
(233, 46, 'Jack Walsh', 'Provident dolorem molestias asperiores quia sed dicta. Necessitatibus totam incidunt blanditiis nam occaecati ea et fugiat. Nostrum culpa doloribus deserunt soluta impedit. Fugiat praesentium beatae possimus repudiandae architecto dolores autem.', 2, '2019-03-22 04:30:02', '2019-03-22 04:30:02'),
(234, 26, 'Freddie Stiedemann', 'Consequatur facere ut itaque ut aspernatur. Ducimus sit odit inventore et. Vero vel nulla quis non beatae. Libero dolores a qui ad vero dicta. Officia atque sequi perferendis omnis ad nobis porro ex.', 0, '2019-03-22 04:30:02', '2019-03-22 04:30:02'),
(235, 22, 'Lauriane Gutmann', 'Odio voluptas nisi minima eius voluptas eum dignissimos. Ipsa et officiis voluptatem quo culpa est voluptate.', 5, '2019-03-22 04:30:02', '2019-03-22 04:30:02'),
(236, 5, 'Miss Audreanne Wuckert', 'Cumque et qui sit est. Quo deserunt aut et velit. Necessitatibus sed eum eos dolore tempora consequatur corrupti.', 3, '2019-03-22 04:30:02', '2019-03-22 04:30:02'),
(237, 15, 'Alena Becker', 'Non maxime numquam a. Delectus aut deleniti nobis neque quaerat ducimus.', 1, '2019-03-22 04:30:02', '2019-03-22 04:30:02'),
(238, 41, 'Orie Langworth DDS', 'Voluptatem facilis aliquam tenetur quo accusamus delectus. Eum qui aut praesentium ea. Suscipit nihil ut ab possimus sunt.', 0, '2019-03-22 04:30:02', '2019-03-22 04:30:02'),
(239, 25, 'Coby Ward', 'Eum voluptates dolorum delectus. Atque autem suscipit repellat omnis magnam culpa. Voluptate ab a iste ab dolorem corporis. Id perspiciatis tenetur at est mollitia.', 3, '2019-03-22 04:30:02', '2019-03-22 04:30:02'),
(240, 13, 'Shawn Huels II', 'Facilis sequi quo veritatis quia. Magni iusto est vero ipsum omnis rem. Velit expedita voluptas vitae culpa et dignissimos nostrum.', 4, '2019-03-22 04:30:02', '2019-03-22 04:30:02'),
(241, 41, 'Macey Price', 'Aliquam error incidunt commodi ut. Sit et sit numquam culpa illum tempore. Facere commodi qui pariatur animi. Exercitationem eum similique nam neque atque.', 2, '2019-03-22 04:30:02', '2019-03-22 04:30:02'),
(242, 37, 'Tommie Gleichner', 'Modi asperiores nemo nobis temporibus non quis. Est unde voluptates nesciunt.', 4, '2019-03-22 04:30:02', '2019-03-22 04:30:02'),
(243, 31, 'Myrtle Adams MD', 'Qui eum et qui et autem perspiciatis voluptatibus. Omnis provident adipisci quae molestias optio incidunt. Nam laborum ipsa nisi et.', 2, '2019-03-22 04:30:02', '2019-03-22 04:30:02'),
(244, 37, 'Alexandra Blick', 'Officia cupiditate voluptates a corrupti incidunt iusto mollitia pariatur. Aut praesentium excepturi repellendus est. Et natus at quas molestiae vero.', 2, '2019-03-22 04:30:02', '2019-03-22 04:30:02'),
(245, 40, 'Martine Kuhic', 'Nihil numquam aliquid natus voluptates minus. Eos omnis omnis aut enim. Voluptatum recusandae quis optio tempore et esse dolores.', 2, '2019-03-22 04:30:02', '2019-03-22 04:30:02'),
(246, 8, 'Lorenza Bogan', 'Aliquam voluptatem aut omnis quibusdam rerum perferendis. Quis non dignissimos commodi nobis ad aspernatur consequatur nam. Aspernatur quia qui et distinctio exercitationem ipsa expedita. Enim qui ad voluptatem eaque qui quo mollitia.', 5, '2019-03-22 04:30:02', '2019-03-22 04:30:02'),
(247, 25, 'Angela Stanton', 'Velit et aut eaque et quaerat tempora molestias. Amet dolorem ut ut sit harum exercitationem. Dolor perferendis rem odio impedit aut. Excepturi id laudantium voluptate voluptate hic non.', 3, '2019-03-22 04:30:02', '2019-03-22 04:30:02'),
(248, 30, 'Prof. Chris Lynch', 'Perferendis ducimus dolorum et iste quidem optio nemo. Excepturi quia tempore dolorum. Voluptates et voluptas at. Similique asperiores et quaerat soluta.', 3, '2019-03-22 04:30:03', '2019-03-22 04:30:03'),
(249, 32, 'Dr. Zechariah Ullrich', 'Velit omnis adipisci eos dolor voluptas. Libero eius maiores accusantium molestiae nesciunt. Dolores adipisci illum aperiam ut sit nemo animi.', 0, '2019-03-22 04:30:03', '2019-03-22 04:30:03'),
(250, 9, 'Rod Feeney', 'At minus voluptatem omnis suscipit et. Id magnam excepturi ut ut qui. Consequatur doloremque porro eum iusto. Voluptas aperiam iure occaecati sequi.', 2, '2019-03-22 04:30:03', '2019-03-22 04:30:03'),
(251, 37, 'Katheryn Krajcik', 'Nihil sint in aliquid eos culpa. Quia aut aut pariatur amet ipsam. Est molestias et nisi atque laboriosam.', 3, '2019-03-22 04:30:03', '2019-03-22 04:30:03'),
(252, 41, 'Mrs. Hannah Muller', 'Et minima et et vitae. Ut consequatur minima quibusdam explicabo culpa voluptatem magnam. Molestias maxime repellat atque qui ut velit voluptatem.', 2, '2019-03-22 04:30:03', '2019-03-22 04:30:03'),
(253, 39, 'Mr. Shad Sipes DVM', 'Magnam voluptatem id voluptatum voluptatem sint sint. Hic perspiciatis a esse minus. Aut et est incidunt magni sit.', 2, '2019-03-22 04:30:03', '2019-03-22 04:30:03'),
(254, 29, 'Dr. Garrett Grant', 'Nihil quo ab praesentium aut. Velit sed enim autem nulla eaque ea. Impedit est reiciendis in repudiandae doloribus dolor veritatis.', 3, '2019-03-22 04:30:03', '2019-03-22 04:30:03'),
(255, 43, 'Hassan Lang', 'Placeat laboriosam omnis aut. Quia quia magni cupiditate aut consequatur facilis. Eius aliquid illum commodi facilis. Quia quos expedita quaerat maxime.', 3, '2019-03-22 04:30:03', '2019-03-22 04:30:03'),
(256, 11, 'Prof. Rylan Hudson DDS', 'Placeat et ea atque dolores maiores dolorum non. Nostrum quia aut esse doloribus dolorum dolorum vitae sequi. Reprehenderit reprehenderit commodi et dicta quia et laboriosam. Beatae explicabo sit consequatur voluptatem. Neque tenetur quaerat voluptatem quibusdam dolor voluptatum officia.', 2, '2019-03-22 04:30:03', '2019-03-22 04:30:03'),
(257, 16, 'Derrick Volkman PhD', 'Temporibus aliquid consequatur placeat quod omnis a ipsa labore. Officiis ut cupiditate ut ducimus veritatis nisi. Et deleniti ex et repellendus tempore. Vel suscipit inventore et illum quaerat.', 5, '2019-03-22 04:30:03', '2019-03-22 04:30:03'),
(258, 13, 'Alexandre Harber', 'Qui recusandae molestiae ut autem autem esse voluptas. Facilis qui aliquam quam veritatis. Mollitia provident qui voluptatem libero est quo. Est accusamus incidunt delectus facilis.', 2, '2019-03-22 04:30:03', '2019-03-22 04:30:03'),
(259, 8, 'Mrs. Melody Hilpert I', 'Molestiae deleniti molestiae nesciunt laborum. Aut eos reiciendis architecto id cupiditate aut facere. Aliquam tempore est sequi velit rerum aperiam excepturi fuga.', 0, '2019-03-22 04:30:03', '2019-03-22 04:30:03'),
(260, 40, 'Davion Bergnaum', 'Libero praesentium totam ipsa porro sed deleniti. Voluptate perferendis et doloribus quod voluptate quia sit. Eum quisquam nemo occaecati molestias sint odio.', 1, '2019-03-22 04:30:03', '2019-03-22 04:30:03'),
(261, 41, 'Dakota Bernier II', 'Dignissimos earum voluptatem eos sed cumque ut. Consequatur quis omnis delectus unde.', 2, '2019-03-22 04:30:03', '2019-03-22 04:30:03'),
(262, 6, 'Shaina Welch', 'Modi esse consequatur omnis odio ut voluptatem optio. Molestiae animi qui corrupti enim. Consequatur aut voluptatem quidem illum aut maxime aut. Tempore in quis consequatur dicta. Laudantium neque doloremque ad praesentium quisquam hic ut.', 0, '2019-03-22 04:30:03', '2019-03-22 04:30:03'),
(263, 32, 'Mrs. Cydney Schneider', 'Tenetur deleniti explicabo officia non laboriosam. Quia sed qui voluptas quas quia quaerat dolorem. Omnis culpa magnam quo laudantium occaecati. Eos exercitationem recusandae dolor ab cupiditate velit repellendus.', 1, '2019-03-22 04:30:03', '2019-03-22 04:30:03'),
(264, 14, 'Sadie Brakus', 'Quos quos odio repudiandae. Aliquid culpa alias ut sunt aliquid hic in. Vel facilis nesciunt sint ut.', 4, '2019-03-22 04:30:03', '2019-03-22 04:30:03'),
(265, 31, 'Maude Huel', 'Modi necessitatibus eveniet necessitatibus dolore quis omnis. Libero hic tenetur corrupti reiciendis sint incidunt.', 3, '2019-03-22 04:30:03', '2019-03-22 04:30:03'),
(266, 7, 'Finn Crooks', 'Et possimus est porro est in fuga. Et odio placeat quaerat non repellendus dolorum. Nihil voluptates possimus dicta.', 0, '2019-03-22 04:30:04', '2019-03-22 04:30:04'),
(267, 46, 'Gideon Bartell', 'Vel dolor fugiat ut blanditiis eos rem rerum. Voluptate et accusamus quia possimus. Inventore est repellendus expedita nulla consequuntur ab suscipit reprehenderit.', 3, '2019-03-22 04:30:04', '2019-03-22 04:30:04'),
(268, 43, 'Imogene Dickens', 'Id quo optio sequi quia et odio cumque. Consequatur quos ullam qui autem labore reprehenderit. Itaque tempora in accusamus harum autem odit libero. Quia recusandae autem ut unde est quo officia quos.', 5, '2019-03-22 04:30:04', '2019-03-22 04:30:04'),
(269, 30, 'Prof. Donald Mohr Jr.', 'Aliquam rerum voluptas culpa. Deleniti corrupti quidem dolores debitis. Dolor quisquam dolorum necessitatibus qui in vel odit.', 3, '2019-03-22 04:30:04', '2019-03-22 04:30:04'),
(270, 49, 'Tyreek Wunsch III', 'Aut ut repellendus perferendis qui aut. Occaecati maxime recusandae non laudantium voluptas iure. Exercitationem dolores eaque pariatur assumenda laborum ut est. Pariatur occaecati nostrum et est. Sunt sequi ex molestias ut quaerat quia sed.', 4, '2019-03-22 04:30:04', '2019-03-22 04:30:04'),
(271, 9, 'Dr. Gunner Smith', 'Voluptas voluptas laboriosam qui omnis. Vel voluptatem deleniti et vel praesentium consequatur. Nobis vitae perferendis qui eum molestiae. Facilis ut cumque atque assumenda.', 5, '2019-03-22 04:30:04', '2019-03-22 04:30:04'),
(272, 35, 'Calista Tromp', 'Ut nemo aut quo ab non. Nam et accusantium est. Doloremque omnis iure exercitationem aut nisi voluptatem velit.', 3, '2019-03-22 04:30:04', '2019-03-22 04:30:04'),
(273, 13, 'Tracey Gulgowski', 'Enim vel accusantium natus unde nihil. Eius nisi porro porro soluta et eum. Deleniti placeat consequatur magnam deleniti. Non alias possimus ea dolores eius.', 3, '2019-03-22 04:30:04', '2019-03-22 04:30:04'),
(274, 33, 'Mrs. Anissa Kub', 'Consequuntur ea officia voluptas autem. Non repellat iste facilis mollitia et eius. Unde asperiores impedit adipisci numquam ut voluptates tempore a. Perferendis iste quia assumenda est iste consequatur repellendus. Et inventore sequi veniam inventore vel sequi.', 1, '2019-03-22 04:30:04', '2019-03-22 04:30:04'),
(275, 13, 'Prof. Antonina Corkery II', 'Fuga qui expedita fuga fugit ut. Repudiandae tempora ad provident sit repellat aut quia. Sed dolorum quia animi vel.', 1, '2019-03-22 04:30:04', '2019-03-22 04:30:04'),
(276, 29, 'Sigrid Paucek', 'Error vel esse et id in magni vel blanditiis. Saepe asperiores in voluptas deleniti beatae. Et eius non pariatur id sequi et eius. Aperiam non iusto quia dolor voluptatem assumenda natus commodi.', 4, '2019-03-22 04:30:04', '2019-03-22 04:30:04'),
(277, 22, 'Dr. Verdie Yost Jr.', 'Sunt esse aut libero quia temporibus dolorum. Id nostrum eum minus voluptas. Provident quibusdam ullam dolor recusandae id.', 4, '2019-03-22 04:30:04', '2019-03-22 04:30:04'),
(278, 35, 'Celia Lindgren', 'Sed ratione minima quis dolores. Facilis error qui autem pariatur ipsa minus corrupti harum. In est perferendis et consequatur ea cupiditate est.', 1, '2019-03-22 04:30:04', '2019-03-22 04:30:04'),
(279, 22, 'Jaren Padberg', 'Nobis non alias non omnis nemo. Rerum sit ad consequatur ipsam. Qui ducimus veniam rerum corporis commodi incidunt.', 0, '2019-03-22 04:30:04', '2019-03-22 04:30:04'),
(280, 2, 'Elliot Brakus', 'Et eos maiores et pariatur. Repellendus explicabo error tempora. Repellendus maiores corrupti consequuntur.', 1, '2019-03-22 04:30:04', '2019-03-22 04:30:04'),
(281, 18, 'Emilia Mayer', 'Nemo et magni architecto provident id itaque. Qui sint molestiae quas quae enim veritatis voluptas. Laudantium aperiam consequuntur aut voluptates excepturi iusto.', 3, '2019-03-22 04:30:04', '2019-03-22 04:30:04'),
(282, 50, 'Mr. Deshaun Dooley', 'Tempora assumenda mollitia numquam ex. Dolore alias rerum pariatur quo incidunt magnam. Voluptatum deserunt accusamus et mollitia.', 1, '2019-03-22 04:30:04', '2019-03-22 04:30:04'),
(283, 10, 'William Sporer', 'Alias placeat distinctio in. Itaque eos minus deleniti saepe quia voluptatibus culpa. Consequatur deleniti quidem non ut vel corporis voluptatem. Esse sit laborum aut debitis excepturi ipsum.', 4, '2019-03-22 04:30:04', '2019-03-22 04:30:04'),
(284, 6, 'Mrs. Ida Gerhold', 'Necessitatibus placeat repellat corporis. Magni non vel qui blanditiis. Possimus ducimus voluptatem non voluptatibus illo. Aspernatur consequatur delectus aut illum qui.', 5, '2019-03-22 04:30:04', '2019-03-22 04:30:04'),
(285, 1, 'Vanessa Gibson', 'Maiores voluptatem accusantium molestiae molestiae porro. Quo corrupti rem quo voluptas ad soluta. Corrupti qui corporis in autem non aspernatur necessitatibus.', 0, '2019-03-22 04:30:04', '2019-03-22 04:30:04'),
(286, 10, 'Arely Skiles', 'Nam aut et accusamus non. Ipsa architecto facilis in asperiores qui maiores est. Aspernatur reiciendis quae harum et adipisci. Nihil provident aut facere commodi quia qui vitae sunt.', 4, '2019-03-22 04:30:04', '2019-03-22 04:30:04'),
(287, 7, 'Raphaelle Kertzmann', 'Omnis cum possimus doloribus qui. Ea a eius sunt praesentium et consequatur nisi temporibus. Voluptates quo unde sit omnis.', 0, '2019-03-22 04:30:04', '2019-03-22 04:30:04'),
(288, 47, 'Danika Nolan', 'Quae earum dolores magni at aperiam. Ut consectetur ea odit dolorem labore. Saepe voluptatum ipsam dolores voluptatum et qui. Sed voluptas odit error velit.', 3, '2019-03-22 04:30:04', '2019-03-22 04:30:04'),
(289, 18, 'Mrs. Ivah Kuhic I', 'Dolores veritatis voluptatem qui explicabo praesentium cum id. Non est praesentium quibusdam voluptatem nemo similique. Qui inventore ad accusamus quos aut enim dolorem. Tempora unde impedit facere dolor officia doloribus animi quo.', 0, '2019-03-22 04:30:04', '2019-03-22 04:30:04'),
(290, 25, 'Mr. Jordyn Morar', 'Libero sequi itaque corrupti illo necessitatibus minus. Qui aliquam adipisci rem omnis nesciunt vel. Aut et sed qui eaque aliquam. Omnis explicabo sit eos sapiente dolores. Corrupti ex dicta non quod.', 2, '2019-03-22 04:30:04', '2019-03-22 04:30:04'),
(291, 48, 'Alexie Yost MD', 'Cum qui sint sed architecto. Reiciendis ea nam architecto sapiente non expedita ullam debitis. Sint id ratione error atque qui libero velit.', 3, '2019-03-22 04:30:04', '2019-03-22 04:30:04'),
(292, 25, 'Prof. Josiah Schaden Sr.', 'Corporis qui distinctio modi non cum rerum. Eum placeat voluptatem eligendi et et aut qui quia. Illum dolor provident accusantium. Blanditiis suscipit ullam qui repudiandae consequuntur.', 4, '2019-03-22 04:30:04', '2019-03-22 04:30:04'),
(293, 32, 'Earlene Bernhard', 'Deserunt ut quia nihil ut deserunt voluptatum. Aut doloribus provident sed debitis. Temporibus aut inventore atque. Doloribus dolore illum et.', 0, '2019-03-22 04:30:05', '2019-03-22 04:30:05'),
(294, 6, 'Hassie Johns', 'Blanditiis repellat sunt animi repudiandae voluptate et. Culpa rerum dignissimos ut sed soluta in. Exercitationem fugiat id quia sunt id autem. Magnam accusamus dolores repudiandae beatae veritatis.', 5, '2019-03-22 04:30:05', '2019-03-22 04:30:05'),
(295, 37, 'Bethany Ernser III', 'Eligendi provident sed saepe officia occaecati tenetur veritatis incidunt. Modi molestiae cumque nam neque ea unde quo.', 4, '2019-03-22 04:30:05', '2019-03-22 04:30:05'),
(296, 43, 'Dr. Jon Howell Sr.', 'Eum harum voluptatem nemo. Fugit sit accusamus similique saepe tenetur ducimus exercitationem amet.', 5, '2019-03-22 04:30:05', '2019-03-22 04:30:05'),
(297, 28, 'Santos Rosenbaum', 'Eum fuga et autem adipisci voluptatibus delectus incidunt. Molestiae voluptatem in ut enim. Iste rerum quas non cumque sed provident.', 3, '2019-03-22 04:30:05', '2019-03-22 04:30:05'),
(298, 36, 'Dr. Kris Lindgren', 'Qui earum itaque architecto rerum aspernatur velit et culpa. Distinctio animi ullam autem vel qui aut minima. Amet mollitia in et ut distinctio veritatis ut neque. Neque consequatur ex vitae quisquam ut.', 5, '2019-03-22 04:30:05', '2019-03-22 04:30:05'),
(299, 44, 'Abagail Jakubowski', 'Provident facere quasi qui. Incidunt fuga praesentium aut optio. Voluptatem unde qui dignissimos voluptates nihil dolores reprehenderit.', 1, '2019-03-22 04:30:05', '2019-03-22 04:30:05'),
(300, 23, 'Mr. Arvid Kihn Jr.', 'Non rem id sunt vitae illo. Deserunt unde in molestias consequatur sit blanditiis.', 1, '2019-03-22 04:30:05', '2019-03-22 04:30:05');

-- --------------------------------------------------------

--
-- Table structure for table `users`
--

CREATE TABLE `users` (
  `id` bigint(20) UNSIGNED NOT NULL,
  `name` varchar(191) COLLATE utf8mb4_unicode_ci NOT NULL,
  `email` varchar(191) COLLATE utf8mb4_unicode_ci NOT NULL,
  `email_verified_at` timestamp NULL DEFAULT NULL,
  `password` varchar(191) COLLATE utf8mb4_unicode_ci NOT NULL,
  `remember_token` varchar(100) COLLATE utf8mb4_unicode_ci DEFAULT NULL,
  `created_at` timestamp NULL DEFAULT NULL,
  `updated_at` timestamp NULL DEFAULT NULL
) ENGINE=InnoDB DEFAULT CHARSET=utf8mb4 COLLATE=utf8mb4_unicode_ci;

--
-- Indexes for dumped tables
--

--
-- Indexes for table `migrations`
--
ALTER TABLE `migrations`
  ADD PRIMARY KEY (`id`);

--
-- Indexes for table `password_resets`
--
ALTER TABLE `password_resets`
  ADD KEY `password_resets_email_index` (`email`);

--
-- Indexes for table `products`
--
ALTER TABLE `products`
  ADD PRIMARY KEY (`id`);

--
-- Indexes for table `reviews`
--
ALTER TABLE `reviews`
  ADD PRIMARY KEY (`id`);

--
-- Indexes for table `users`
--
ALTER TABLE `users`
  ADD PRIMARY KEY (`id`),
  ADD UNIQUE KEY `users_email_unique` (`email`);

--
-- AUTO_INCREMENT for dumped tables
--

--
-- AUTO_INCREMENT for table `migrations`
--
ALTER TABLE `migrations`
  MODIFY `id` int(10) UNSIGNED NOT NULL AUTO_INCREMENT, AUTO_INCREMENT=4;

--
-- AUTO_INCREMENT for table `products`
--
ALTER TABLE `products`
  MODIFY `id` bigint(20) UNSIGNED NOT NULL AUTO_INCREMENT, AUTO_INCREMENT=51;

--
-- AUTO_INCREMENT for table `reviews`
--
ALTER TABLE `reviews`
  MODIFY `id` bigint(20) UNSIGNED NOT NULL AUTO_INCREMENT, AUTO_INCREMENT=301;

--
-- AUTO_INCREMENT for table `users`
--
ALTER TABLE `users`
  MODIFY `id` bigint(20) UNSIGNED NOT NULL AUTO_INCREMENT;
COMMIT;

/*!40101 SET CHARACTER_SET_CLIENT=@OLD_CHARACTER_SET_CLIENT */;
/*!40101 SET CHARACTER_SET_RESULTS=@OLD_CHARACTER_SET_RESULTS */;
/*!40101 SET COLLATION_CONNECTION=@OLD_COLLATION_CONNECTION */;
